name,url,institutions,countries,country,region
René Cutura,https://dl.acm.org/profile/99659583267,"['University of Stuttgart', 'Vienna University of Technology', 'University of Vienna']","['Germany', 'Austria', 'Austria']",Germany,Europe
Cristina Morariu,https://dl.acm.org/profile/99660233714,['University of Stuttgart'],['Germany'],Germany,Europe
Zhanglin Cheng,https://dl.acm.org/profile/99659275761,['Shenzhen Institute of Advanced Technology'],['China'],China,Asia
Yunhai Wang,https://dl.acm.org/profile/82658976157,"['Shandong University', 'Shenzhen Institute of Advanced Technology']","['China', 'China']",China,Asia
Daniel Weiskopf,https://dl.acm.org/profile/81100214723,"['University of Stuttgart', 'Simon Fraser University', 'IEEE', 'University of Tübingen']","['Germany', 'Canada', 'United States', 'Germany']",Germany,Europe
Michael Sedlmair,https://dl.acm.org/profile/81375621529,"['University of Stuttgart', 'Jacobs University Bremen', 'University of Vienna', 'The University of British Columbia']","['Germany', 'Germany', 'Austria', 'Canada']",Germany,Europe
Takayuki Itoh,https://dl.acm.org/profile/81100329777,"['Ochanomizu University', 'IBM Japan, Ltd.']","['Japan', 'Japan']",Japan,Asia
Asuka Nakabayashi,https://dl.acm.org/profile/99659915690,['Ochanomizu University'],['Japan'],Japan,Asia
Mariko Hagita,https://dl.acm.org/profile/81100399955,"['Ochanomizu University', 'Keio University']","['Japan', 'Japan']",Japan,Asia
Maath Musleh,https://dl.acm.org/profile/99659915368,"['Linnaeus University, Kalmar']",['Sweden'],Sweden,Europe
Angelos Chatzimparmpas,https://dl.acm.org/profile/99659465677,"['Linnaeus University, Växjö', 'University of Western Macedonia']","['Sweden', 'Greece']",Sweden,Europe
Ilir Jusufi,https://dl.acm.org/profile/81472654517,"['Linnaeus University, Kalmar', 'Linnaeus University, Växjö', 'University of California, Davis']","['Sweden', 'Sweden', 'United States']",Sweden,Europe
Alexander Achberger,https://dl.acm.org/profile/99659248999,"['Mercedes Benz Cars', 'University of Stuttgart']","['Germany', 'Germany']",Germany,Europe
Frank Heyen,https://dl.acm.org/profile/99659583503,['University of Stuttgart'],['Germany'],Germany,Europe
Kresimir Vidakovic,https://dl.acm.org/profile/99659915852,['Stuttgart Media University'],['Germany'],Germany,Europe
Martin Büßemeyer,https://dl.acm.org/profile/99659915755,['Hasso Plattner Institute for Digital Engineering gGmbH'],['Germany'],Germany,Europe
Daniel Limberger,https://dl.acm.org/profile/82458918757,"['Hasso Plattner Institute for Digital Engineering gGmbH', 'University of Potsdam']","['Germany', 'Germany']",Germany,Europe
Willy Scheibel,https://dl.acm.org/profile/99659051346,"['University of Potsdam', 'Hasso Plattner Institute for Digital Engineering gGmbH']","['Germany', 'Germany']",Germany,Europe
Jürgen Döllner,https://dl.acm.org/profile/81100019985,"['Hasso Plattner Institute for Digital Engineering gGmbH', 'University of Potsdam', 'University of Münster']","['Germany', 'Germany', 'Germany']",Germany,Europe
Jan van Dieken,https://dl.acm.org/profile/99659916274,['Hasso Plattner Institute for Digital Engineering gGmbH'],['Germany'],Germany,Europe
Ayush Kumar,https://dl.acm.org/profile/99659275978,"['Harvard Medical School', 'Stony Brook University']","['United States', 'United States']",United States,North America
Bharat Goel,https://dl.acm.org/profile/99659034607,['Stony Brook University'],['United States'],United States,North America
Keshav Rajupet Premkumar,https://dl.acm.org/profile/99659915763,['Stony Brook University'],['United States'],United States,North America
Michael Burch,https://dl.acm.org/profile/81331488994,"['University of Applied Sciences Western Switzerland', 'Eindhoven University of Technology']","['Switzerland', 'Netherlands']",Switzerland,Europe
Klaus D Mueller,https://dl.acm.org/profile/81452605314,"['Stony Brook University', 'IEEE', 'The Ohio State University']","['United States', 'United States', 'United States']",United States,North America
Lauren Edlin,https://dl.acm.org/profile/99659915568,['Queen Mary University of London'],['United Kingdom'],United Kingdom,Europe
Joshua D Reiss,https://dl.acm.org/profile/81320493799,"['Queen Mary University of London', 'University of London']","['United Kingdom', 'United Kingdom']",United Kingdom,Europe
Cameron Edmond,https://dl.acm.org/profile/99659658214,['UNSW Sydney'],['Australia'],Australia,Oceania
Robert Lawther,https://dl.acm.org/profile/99658723776,['UNSW Sydney'],['Australia'],Australia,Oceania
Maxime Cordeil,https://dl.acm.org/profile/81488668405,"['Monash University', 'The University of Queensland', 'Federal University of Toulouse Midi-Pyrénées']","['Australia', 'Australia', 'France']",Australia,Oceania
Tomasz P Bednarz,https://dl.acm.org/profile/81464670479,"['Epicentre', 'UNSW Sydney', 'CSIRO Data61', 'ARC Centre of Excellence for Mathematical & Statistical Frontiers']","['France', 'Australia', 'Australia', 'Australia']",France,Europe
Miguel Alfonso Feijóo-García,https://dl.acm.org/profile/99659914931,['Universidad El Bosque'],['Colombia'],Colombia,South America
José Tiberio Hernández-Peñalosa,https://dl.acm.org/profile/99659915656,"['University of the Andes, Colombia']",['Colombia'],Colombia,South America
Christina Stoiber,https://dl.acm.org/profile/99659473900,['St. Polten University of Applied Sciences'],['Austria'],Austria,Europe
Conny Walchshofer,https://dl.acm.org/profile/99659914993,['Johannes Kepler University Linz'],['Austria'],Austria,Europe
Florian Grassinger,https://dl.acm.org/profile/99659915944,['St. Polten University of Applied Sciences'],['Austria'],Austria,Europe
Holger Stitz,https://dl.acm.org/profile/87258908057,"['Johannes Kepler University Linz', 'University of Applied Sciences Upper Austria, School of Informatics, Communications and Media']","['Austria', 'Austria']",Austria,Europe
Marc Streit,https://dl.acm.org/profile/81375612900,"['Johannes Kepler University Linz', 'Harvard Medical School', 'Graz University of Technology']","['Austria', 'United States', 'Austria']",Austria,Europe
Wolfgang Aigner,https://dl.acm.org/profile/81503660777,"['St. Polten University of Applied Sciences', 'Vienna University of Technology']","['Austria', 'Austria']",Austria,Europe
Akshay Murari,https://dl.acm.org/profile/99659916186,['The University of North Carolina at Charlotte'],['United States'],United States,North America
Elias Mahfoud,https://dl.acm.org/profile/99659090947,['The University of North Carolina at Charlotte'],['United States'],United States,North America
Weichao Wang,https://dl.acm.org/profile/81467643151,['The University of North Carolina at Charlotte'],['United States'],United States,North America
Aidong Lu,https://dl.acm.org/profile/81100052641,"['The University of North Carolina at Charlotte', 'The University of North Carolina System', 'Purdue University', 'IEEE']","['United States', 'United States', 'United States', 'United States']",United States,North America
Hinako Sassa,https://dl.acm.org/profile/99659915448,['Ochanomizu University'],['Japan'],Japan,Asia
Mitsuo Yoshida,https://dl.acm.org/profile/99658718448,['Toyohashi University of Technology'],['Japan'],Japan,Asia
Oliver Moseler,https://dl.acm.org/profile/99659915576,['University of Trier'],['Germany'],Germany,Europe
Lucas Kreber,https://dl.acm.org/profile/99659915201,['University of Trier'],['Germany'],Germany,Europe
Stephan Diehl,https://dl.acm.org/profile/81100020010,"['University of Trier', 'Catholic University in Eichstätt', 'Saarland University']","['Germany', 'Germany', 'Germany']",Germany,Europe
Chen He,https://dl.acm.org/profile/99659914928,['University of Helsinki'],['Finland'],Finland,Europe
Luana Micallef,https://dl.acm.org/profile/81548012985,"['University of Copenhagen', 'Aalto University', 'INRIA Institut National de Recherche en Informatique et en Automatique', 'University of Kent']","['Denmark', 'Finland', 'France', 'United Kingdom']",Denmark,Europe
Barış Serim,https://dl.acm.org/profile/82259259657,"['University of Helsinki', 'Helsinki Institute for Information Technology', 'Koc University']","['Finland', 'Finland', 'Turkey']",Finland,Europe
Tung Vuong,https://dl.acm.org/profile/99659191803,['University of Helsinki'],['Finland'],Finland,Europe
Tuukka Ruotsalo,https://dl.acm.org/profile/81339525898,"['University of Helsinki', 'University of Copenhagen', 'Aalto University']","['Finland', 'Denmark', 'Finland']",Finland,Europe
Giulio Iacucci,https://dl.acm.org/profile/81100644548,"['University of Helsinki', 'Aalto University', 'Helsinki Institute for Information Technology', 'University of Oulu']","['Finland', 'Finland', 'Finland', 'Finland']",Finland,Europe
Günter Wallner,https://dl.acm.org/profile/81100493799,"['Johannes Kepler University Linz', 'University of Applied Sciences Western Switzerland']","['Austria', 'Switzerland']",Austria,Europe
Huub M M van de Wetering,https://dl.acm.org/profile/81100431196,"['Eindhoven University of Technology', ""Xi'an Jiaotong University""]","['Netherlands', 'China']",Netherlands,Europe
Freek Rooks,https://dl.acm.org/profile/99659915567,['Eindhoven University of Technology'],['Netherlands'],Netherlands,Europe
Olof Morra,https://dl.acm.org/profile/99659915351,['Eindhoven University of Technology'],['Netherlands'],Netherlands,Europe
Gonzalo Gabriel Méndez,https://dl.acm.org/profile/84460003257,"['Litoral Polytechnic School', 'University of Calgary', 'University of St Andrews']","['Ecuador', 'Canada', 'United Kingdom']",Ecuador,South America
Oscar Moreno,https://dl.acm.org/profile/99659915372,['Litoral Polytechnic School'],['Ecuador'],Ecuador,South America
Daniel Atzberger,https://dl.acm.org/profile/99659915322,"['University of Potsdam', 'Hasso Plattner Institute for Digital Engineering gGmbH']","['Germany', 'Germany']",Germany,Europe
Patricio Mendoza,https://dl.acm.org/profile/81492646025,['Litoral Polytechnic School'],['Ecuador'],Ecuador,South America
Sebastian Eckl,https://dl.acm.org/profile/99659914952,['Reutlingen University'],['Germany'],Germany,Europe
Nick Kerschagel,https://dl.acm.org/profile/99659915658,['Reutlingen University'],['Germany'],Germany,Europe
Uwe Kloos,https://dl.acm.org/profile/81466647554,"['Reutlingen University', 'University of Applied Sciences of the Grisons', 'University of Stuttgart']","['Germany', 'Switzerland', 'Germany']",Germany,Europe
Maitreya Save,https://dl.acm.org/profile/99659915851,['NC State University'],['United States'],United States,North America
Benjamin Allen Watson,https://dl.acm.org/profile/81100375996,"['NC State University', 'IEEE', 'Northwestern University', 'University of Alberta', 'Georgia Institute of Technology']","['United States', 'United States', 'United States', 'Canada', 'United States']",United States,North America
Dong Li,https://dl.acm.org/profile/99659915798,['East China Normal University'],['China'],China,Asia
Hong Yin,https://dl.acm.org/profile/99659290545,['East China Normal University'],['China'],China,Asia
Changbo Wang,https://dl.acm.org/profile/81100220966,"['East China Normal University', 'Shanghai University', 'State Key Lab of CAD&CG, Zhejiang University']","['China', 'China', 'China']",China,Asia
Sicheng Song,https://dl.acm.org/profile/99659915122,['East China Normal University'],['China'],China,Asia
Kirlin Li,https://dl.acm.org/profile/99659482820,['East China Normal University'],['China'],China,Asia
Chenhui Li,https://dl.acm.org/profile/99658761360,"['East China Normal University', 'Hong Kong Polytechnic University']","['China', 'Hong Kong']",China,Asia
Qiaorui Chen,https://dl.acm.org/profile/99659915850,"['School of Aeronautics and Astronautics, Zhejiang University', 'Zhejiang University']","['China', 'China']",China,Asia
Shuai Zhang,https://dl.acm.org/profile/99659915914,"['School of Aeronautics and Astronautics, Zhejiang University', 'Zhejiang University']","['China', 'China']",China,Asia
Yao Zheng,https://dl.acm.org/profile/81452604154,"['Zhejiang University', 'School of Aeronautics and Astronautics, Zhejiang University', 'School of Computer and Computing Science']","['China', 'China', 'China']",China,Asia
Marco Schmid,https://dl.acm.org/profile/99659916273,,,,
Rahel Haymoz,https://dl.acm.org/profile/99659915055,['University of Applied Sciences Western Switzerland'],['Switzerland'],Switzerland,Europe
David Schiller,https://dl.acm.org/profile/99659916017,,,,
Carolin Fiedler,https://dl.acm.org/profile/99659638986,['University of Potsdam'],['Germany'],Germany,Europe
Matthias Trapp,https://dl.acm.org/profile/81375606710,"['Hasso Plattner Institute for Digital Engineering gGmbH', 'University of Potsdam']","['Germany', 'Germany']",Germany,Europe
Nico Klaassen,https://dl.acm.org/profile/99659653162,['Eindhoven University of Technology'],['Netherlands'],Netherlands,Europe
Haoran Dai,https://dl.acm.org/profile/99659483556,"['State Key Lab of CAD&CG, Zhejiang University']",['China'],China,Asia
Yubo Tao,https://dl.acm.org/profile/81421599679,"['State Key Lab of CAD&CG, Zhejiang University', 'Zhejiang University']","['China', 'China']",China,Asia
Hai Lin,https://dl.acm.org/profile/81408600175,"['State Key Lab of CAD&CG, Zhejiang University', 'Zhejiang University', 'Fudan University']","['China', 'China', 'China']",China,Asia
Hao Tang,https://dl.acm.org/profile/99659483577,['Hangzhou Dianzi University'],['China'],China,Asia
Sixiang Fei,https://dl.acm.org/profile/99659482760,['Hangzhou Dianzi University'],['China'],China,Asia
Xiaoying Shi,https://dl.acm.org/profile/99659482636,['Hangzhou Dianzi University'],['China'],China,Asia
Hanbyul Yeon,https://dl.acm.org/profile/99658765084,['Sejong University'],['South Korea'],South Korea,Asia
Mingyu Pi,https://dl.acm.org/profile/99659482864,['Sejong University'],['South Korea'],South Korea,Asia
Hyesook Son,https://dl.acm.org/profile/99659483077,['Sejong University'],['South Korea'],South Korea,Asia
Yun Jang,https://dl.acm.org/profile/81372592812,"['Sejong University', 'Swiss Federal Institute of Technology, Zurich', 'Purdue University']","['South Korea', 'Switzerland', 'United States']",South Korea,Asia
Rohan Goel,https://dl.acm.org/profile/99659291193,"['Birla Institute of Technology and Science, Pilani']",['India'],India,Asia
Samiha Fadloun,https://dl.acm.org/profile/99659290090,['University of Montpellier'],['France'],France,Europe
Sarah Valentin,https://dl.acm.org/profile/99659290844,['University of Montpellier'],['France'],France,Europe
Arnaud Sallaberry,https://dl.acm.org/profile/81375620314,"['University of Montpellier', 'Universite Paul-Valery Montpellier III', 'University of California, Davis']","['France', 'France', 'United States']",France,Europe
Mathieu Roche,https://dl.acm.org/profile/81384592979,"['Territoires, Environnement, Télédétection et Information Spatiale', 'University of Montpellier', 'CIRAD']","['France', 'France', 'France']",France,Europe
Pascal Poncelet,https://dl.acm.org/profile/81100236660,['University of Montpellier'],['France'],France,Europe
Humphrey O Obie,https://dl.acm.org/profile/99659291871,"['Monash University', 'Swinburne University of Technology']","['Australia', 'Australia']",Australia,Oceania
Caslon Chua,https://dl.acm.org/profile/81490649118,['Swinburne University of Technology'],['Australia'],Australia,Oceania
Iman Avazpour,https://dl.acm.org/profile/81440623086,"['Deakin University', 'Swinburne University of Technology']","['Australia', 'Australia']",Australia,Oceania
Mohamed Almorsy Abdelrazek,https://dl.acm.org/profile/99659003381,['Deakin University'],['Australia'],Australia,Oceania
John C. Grundy,https://dl.acm.org/profile/81100261843,"['Monash University', 'Deakin University', 'Swinburne University of Technology', 'The University of Auckland']","['Australia', 'Australia', 'Australia', 'New Zealand']",Australia,Oceania
Yaru Du,https://dl.acm.org/profile/99659289556,,,,
Liang Zhou,https://dl.acm.org/profile/99659493271,"['The University of Utah', 'University of Stuttgart']","['United States', 'Germany']",United States,North America
Hansjörg Schmauder,https://dl.acm.org/profile/81490688158,['University of Stuttgart'],['Germany'],Germany,Europe
Xiaoyu Wang,https://dl.acm.org/profile/99659256604,['The University of Texas at Dallas'],['United States'],United States,North America
Yufeng Liu,https://dl.acm.org/profile/99659194249,['Hohai University'],['China'],China,Asia
Jie Li,https://dl.acm.org/profile/99658620368,"['Tianjin University', 'Nanjing University']","['China', 'China']",China,Asia
K. Zhang,https://dl.acm.org/profile/81350576955,"['The University of Texas at Dallas', 'Tianjin University', 'IEEE']","['United States', 'China', 'United States']",United States,North America
Daniil Rodin,https://dl.acm.org/profile/99659291201,['Technion - Israel Institute of Technology'],['Israel'],Israel,Asia
Gershon Elber,https://dl.acm.org/profile/81100400502,"['Technion - Israel Institute of Technology', 'IEEE', 'The University of Utah']","['Israel', 'United States', 'United States']",Israel,Asia
Mehmood Ghaffar,https://dl.acm.org/profile/99659292007,['Bielefeld University'],['Germany'],Germany,Europe
Niklas Biere,https://dl.acm.org/profile/99659292087,['Bielefeld University'],['Germany'],Germany,Europe
Daniel Jäger,https://dl.acm.org/profile/99659290368,['Bielefeld University'],['Germany'],Germany,Europe
Karsten Klein,https://dl.acm.org/profile/81100141840,"['Monash University', 'University of Konstanz', 'The University of Sydney', 'Technical University Dortmund']","['Australia', 'Germany', 'Australia', 'Germany']",Australia,Oceania
Falk Schreiber,https://dl.acm.org/profile/81100087062,"['University of Konstanz', 'Monash University', 'Martin Luther University of Halle-Wittenberg']","['Germany', 'Australia', 'Germany']",Germany,Europe
Olaf Kruse,https://dl.acm.org/profile/99659291490,['Bielefeld University'],['Germany'],Germany,Europe
Björn Sommer,https://dl.acm.org/profile/99658771476,"['Royal College of Art', 'University of Konstanz', 'Monash University', 'Bielefeld University']","['United Kingdom', 'Germany', 'Australia', 'Germany']",United Kingdom,Europe
Luca Marzialetti,https://dl.acm.org/profile/99659289305,['Roma Tre University'],['Italy'],Italy,Europe
Massimo Candela,https://dl.acm.org/profile/99659290958,['University of Pisa'],['Italy'],Italy,Europe
Giuseppe Di Battista,https://dl.acm.org/profile/81100464555,"['Roma Tre University', 'Basilicata University Potenza', 'Sapienza University of Rome']","['Italy', 'Italy', 'Italy']",Italy,Europe
Gerald Baulig,https://dl.acm.org/profile/99659291294,,,,
Tobias Boley,https://dl.acm.org/profile/99659292088,,,,
Arjana Mehmeti,https://dl.acm.org/profile/99659290889,,,,
Dina Kurbanismailova,https://dl.acm.org/profile/99659291964,,,,
Marc Roswag,https://dl.acm.org/profile/99659291329,,,,
Oliver Streicher,https://dl.acm.org/profile/99659292148,,,,
Steffen Wittig,https://dl.acm.org/profile/99659289339,,,,
Nico Reski,https://dl.acm.org/profile/99658638708,"['Linnaeus University, Växjö']",['Sweden'],Sweden,Europe
Aris Alissandrakis,https://dl.acm.org/profile/81310502395,"['Linnaeus University, Växjö', 'Linnaeus University, Kalmar', 'University of Hertfordshire']","['Sweden', 'Sweden', 'United Kingdom']",Sweden,Europe
Kostiantyn Kucher,https://dl.acm.org/profile/81486656627,"['Linnaeus University, Växjö', 'Linnaeus University, Kalmar']","['Sweden', 'Sweden']",Sweden,Europe
Rafael Messias Martins,https://dl.acm.org/profile/99659192192,"['Linnaeus University, Växjö', 'Linnaeus University, Kalmar']","['Sweden', 'Sweden']",Sweden,Europe
Andreas Kerren,https://dl.acm.org/profile/81100367883,"['Linnaeus University, Växjö', 'Linnaeus University, Kalmar', 'University of Kaiserslautern', 'Vienna University of Technology']","['Sweden', 'Sweden', 'Germany', 'Austria']",Sweden,Europe
Maria Skeppstedt,https://dl.acm.org/profile/81470654834,"['University of Potsdam', 'Stockholm University']","['Germany', 'Sweden']",Germany,Europe
Alisa Lincke,https://dl.acm.org/profile/99659291514,"['Linnaeus University, Växjö']",['Sweden'],Sweden,Europe
Jenny Lundberg,https://dl.acm.org/profile/81100336369,['Blekinge Institute of Technology'],['Sweden'],Sweden,Europe
Maria Thunander,https://dl.acm.org/profile/99659289733,['Lund University'],['Sweden'],Sweden,Europe
Marcelo Milrad,https://dl.acm.org/profile/81100334854,"['Linnaeus University, Växjö', 'Linnaeus University, Kalmar']","['Sweden', 'Sweden']",Sweden,Europe
Jonas Lundberg,https://dl.acm.org/profile/81339515283,"['Linköping University', 'Linnaeus University, Växjö', 'Linnaeus University, Kalmar']","['Sweden', 'Sweden', 'Sweden']",Sweden,Europe
Daniel Toll,https://dl.acm.org/profile/81501663475,"['Linnaeus University, Kalmar']",['Sweden'],Sweden,Europe
Anna Wingkvist,https://dl.acm.org/profile/81442618410,"['Linnaeus University, Växjö', 'Linnaeus University, Kalmar']","['Sweden', 'Sweden']",Sweden,Europe
Tomohiro Kawanabe,https://dl.acm.org/profile/99659292129,['Riken'],['Japan'],Japan,Asia
Jorji Nonaka,https://dl.acm.org/profile/81100125090,"['Riken', 'Kyoto University']","['Japan', 'Japan']",Japan,Asia
Kenji Ono,https://dl.acm.org/profile/81100261727,"['Kyushu University', 'Riken', 'Toshiba Corporation']","['Japan', 'Japan', 'Japan']",Japan,Asia
Tu Xing,https://dl.acm.org/profile/99659291920,['Shenzhen University'],['China'],China,Asia
Anna Sara Fagerholm,https://dl.acm.org/profile/99659290153,['Mid Sweden University'],['Sweden'],Sweden,Europe
Mattias Andersson,https://dl.acm.org/profile/81496672621,['Mid Sweden University'],['Sweden'],Sweden,Europe
Björn Zimmer,https://dl.acm.org/profile/81482662429,"['University of Applied Sciences Upper Austria, School of Informatics, Communications and Media', 'Linnaeus University, Växjö', 'Hannover University of Applied Sciences']","['Austria', 'Sweden', 'Germany']",Austria,Europe
Jan Zenisek,https://dl.acm.org/profile/99659185142,"['University of Applied Sciences Upper Austria, Wels', 'University of Applied Sciences Upper Austria, School of Informatics, Communications and Media', 'University of Applied Sciences Upper Austria, School of Management']","['Austria', 'Austria', 'Austria']",Austria,Europe
Hans-Christian Jetter,https://dl.acm.org/profile/81361609796,['University of Lübeck'],['Germany'],Germany,Europe
Hyunwoo Han,https://dl.acm.org/profile/99658768907,['Ajou University'],['South Korea'],South Korea,Asia
Taerin Yoon,https://dl.acm.org/profile/99659290729,['Ajou University'],['South Korea'],South Korea,Asia
Hyeonsik Gong,https://dl.acm.org/profile/99659288906,['Ajou University'],['South Korea'],South Korea,Asia
Kyungwon Lee,https://dl.acm.org/profile/81458652821,['Ajou University'],['South Korea'],South Korea,Asia
Zana Vosough,https://dl.acm.org/profile/99659194221,"['SAP AG', 'Technische Universität Dresden']","['Germany', 'Germany']",Germany,Europe
Dietrich Kammer,https://dl.acm.org/profile/81479656070,"['Dresden University of Applied Sciences', 'Technische Universität Dresden']","['Germany', 'Germany']",Germany,Europe
Mandy Keck,https://dl.acm.org/profile/81479645196,"['University of Applied Sciences Upper Austria, School of Informatics, Communications and Media', 'Technische Universität Dresden']","['Austria', 'Germany']",Austria,Europe
Rainer Groh,https://dl.acm.org/profile/81372593345,['Technische Universität Dresden'],['Germany'],Germany,Europe
Fangfang Zhou,https://dl.acm.org/profile/81549260756,['Central South University'],['China'],China,Asia
Minghui Chen,https://dl.acm.org/profile/99659194235,['Central South University'],['China'],China,Asia
Zeyu Wang,https://dl.acm.org/profile/99659194186,['Central South University'],['China'],China,Asia
Feng Luo,https://dl.acm.org/profile/99659194127,['Central South University'],['China'],China,Asia
Xiaobo Luo,https://dl.acm.org/profile/99659194176,['Central South University'],['China'],China,Asia
Wei Huang,https://dl.acm.org/profile/99659194273,['Central South University'],['China'],China,Asia
Yi Chen,https://dl.acm.org/profile/81490680300,['Beijing Technology and Business University'],['China'],China,Asia
Ying Zhao,https://dl.acm.org/profile/81549278756,['Central South University'],['China'],China,Asia
Yang Zou,https://dl.acm.org/profile/99659194214,['Hohai University'],['China'],China,Asia
Xiaoqin Zeng,https://dl.acm.org/profile/81319505316,"['Hohai University', 'The University of Texas at Dallas', 'Hong Kong Polytechnic University']","['China', 'United States', 'Hong Kong']",China,Asia
Huiyi Liu,https://dl.acm.org/profile/81548020271,['Hohai University'],['China'],China,Asia
Yuhua Liu,https://dl.acm.org/profile/81549102456,"['East China Normal University', 'Shanghai University']","['China', 'China']",China,Asia
Hanfei Lin,https://dl.acm.org/profile/99659194118,['East China Normal University'],['China'],China,Asia
Yitao Liang,https://dl.acm.org/profile/99659194271,['East China Normal University'],['China'],China,Asia
Sangbong Yoo,https://dl.acm.org/profile/99658989829,['Sejong University'],['South Korea'],South Korea,Asia
Hongryeol Ryu,https://dl.acm.org/profile/99658730770,['Yonsei University'],['South Korea'],South Korea,Asia
Taekyoung ‘Taekyoung’ Kwon,https://dl.acm.org/profile/81451594353,"['Sejong University', 'Seoul National University', 'Yonsei University', 'The Ohio State University']","['South Korea', 'South Korea', 'South Korea', 'United States']",South Korea,Asia
Nils Rodrigues,https://dl.acm.org/profile/99659194260,['University of Stuttgart'],['Germany'],Germany,Europe
Rudolf Netzel,https://dl.acm.org/profile/81558361656,['University of Stuttgart'],['Germany'],Germany,Europe
Kazi Riaz Ullah,https://dl.acm.org/profile/99659194145,['University of Stuttgart'],['Germany'],Germany,Europe
Alexander Schultz,https://dl.acm.org/profile/99659194188,['Fraunhofer Institute for Solar Energy Systems ISE'],['Germany'],Germany,Europe
Bruno Burger,https://dl.acm.org/profile/81440598602,['Fraunhofer Institute for Solar Energy Systems ISE'],['Germany'],Germany,Europe
Daniel Weiskopf,https://dl.acm.org/profile/81548014780,"['University of Stuttgart', 'University of Konstanz', 'Simon Fraser University']","['Germany', 'Germany', 'Canada']",Germany,Europe
Kumaripaba Athukorala,https://dl.acm.org/profile/81500651305,"['Aalto University', 'University of Helsinki', 'Helsinki Institute for Information Technology', 'University of Oulu']","['Finland', 'Finland', 'Finland', 'Finland']",Finland,Europe
Chao An,https://dl.acm.org/profile/83058808757,"['University of Helsinki', 'Aalto University']","['Finland', 'Finland']",Finland,Europe
Aki Reijonen,https://dl.acm.org/profile/84459914957,"['University of Helsinki', 'Helsinki Institute for Information Technology']","['Finland', 'Finland']",Finland,Europe
Jaakko Peltonen,https://dl.acm.org/profile/81100125974,"['University of Tampere', 'Aalto University', 'Helsinki Institute for Information Technology']","['Finland', 'Finland', 'Finland']",Finland,Europe
Christian Bors,https://dl.acm.org/profile/99659194168,['Vienna University of Technology'],['Austria'],Austria,Europe
Markus Bögl,https://dl.acm.org/profile/81474695092,['Vienna University of Technology'],['Austria'],Austria,Europe
Theresia Gschwandtner,https://dl.acm.org/profile/81375620061,['Vienna University of Technology'],['Austria'],Austria,Europe
Silvia Miksch,https://dl.acm.org/profile/81100255622,"['Vienna University of Technology', 'Danube University Krems']","['Austria', 'Austria']",Austria,Europe
Kazuo Misue,https://dl.acm.org/profile/81100517120,"['University of Tsukuba', 'Fujitsu Ltd.']","['Japan', 'Japan']",Japan,Asia
Kosuke Otake,https://dl.acm.org/profile/99659194175,['University of Tsukuba'],['Japan'],Japan,Asia
Takahiro Saito,https://dl.acm.org/profile/99659194114,['Fujitsu Ltd.'],['Japan'],Japan,Asia
Jieliang Luo,https://dl.acm.org/profile/99659820717,,,,
Donghao Ren,https://dl.acm.org/profile/84460132057,"['University of California, Santa Barbara']",['United States'],United States,North America
George Legrady,https://dl.acm.org/profile/81320492170,"['University of California, Santa Barbara']",['United States'],United States,North America
Congmin Li,https://dl.acm.org/profile/99659194233,['Tianjin University'],['China'],China,Asia
Boyi Li,https://dl.acm.org/profile/99659194283,['University of Toronto'],['Canada'],Canada,North America
Amontep Wijitcharoen,https://dl.acm.org/profile/99659194157,['King Mongkuts University of Technology Thonburi'],['Thailand'],Thailand,Asia
Jonathan Hoyin Chan,https://dl.acm.org/profile/81413599918,['King Mongkuts University of Technology Thonburi'],['Thailand'],Thailand,Asia
Simon James Fong,https://dl.acm.org/profile/81339499259,"['University of Macau', 'Chinese Academy of Sciences', 'Nanyang Technological University']","['Macao', 'China', 'Singapore']",Macao,Asia
Robert P. Biuk-Aghai,https://dl.acm.org/profile/81100203521,['University of Macau'],['Macao'],Macao,Asia
Scarlet Tin,https://dl.acm.org/profile/99659194248,['University of Macau'],['Macao'],Macao,Asia
Yihang Bo,https://dl.acm.org/profile/99659194158,,,,
Yi Yang,https://dl.acm.org/profile/99659194162,['Chinese Academy of Sciences'],['China'],China,Asia
Xianglei Zhu,https://dl.acm.org/profile/99659194208,['China Automotive Technology and Research Center Co. Ltd'],['China'],China,Asia
Shuai Zhao,https://dl.acm.org/profile/99659194272,['China Automotive Technology and Research Center Co. Ltd'],['China'],China,Asia
Quan Wen,https://dl.acm.org/profile/99659194136,['China Automotive Technology and Research Center Co. Ltd'],['China'],China,Asia
Wenjun Guo,https://dl.acm.org/profile/84459002557,['Ajou University'],['South Korea'],South Korea,Asia
Seungwook Kim,https://dl.acm.org/profile/99659194257,['Seoul National University'],['South Korea'],South Korea,Asia
Sangjoon Son,https://dl.acm.org/profile/99659178205,['Ajou University'],['South Korea'],South Korea,Asia
Changhyung Hong,https://dl.acm.org/profile/99659178107,['Ajou University'],['South Korea'],South Korea,Asia
Hyunjung (Helen) Shin,https://dl.acm.org/profile/81100157592,"['Ajou University', 'University of Tübingen', 'Friedrich Miescher Laboratory', 'Seoul National University', 'Max Planck Institute for Biological Cybernetics']","['South Korea', 'Germany', 'Germany', 'South Korea', 'Germany']",South Korea,Asia
Thanyathorn Thanapattheerakul,https://dl.acm.org/profile/99659127931,['King Mongkuts University of Technology Thonburi'],['Thailand'],Thailand,Asia
Jaturong Kongmanee,https://dl.acm.org/profile/99659128019,"['Michigan State University', 'Texas Tech University', 'King Mongkuts University of Technology Thonburi']","['United States', 'United States', 'Thailand']",United States,North America
Saila Shama,https://dl.acm.org/profile/99659194254,['University of Toronto'],['Canada'],Canada,North America
Philip Lu,https://dl.acm.org/profile/99659194245,['University of Toronto'],['Canada'],Canada,North America
Narumol Doungpan,https://dl.acm.org/profile/99659194291,['King Mongkuts University of Technology Thonburi'],['Thailand'],Thailand,Asia
Asawin Meechai,https://dl.acm.org/profile/81384616279,['King Mongkuts University of Technology Thonburi'],['Thailand'],Thailand,Asia
Jiafan Li,https://dl.acm.org/profile/99659097484,['East China Normal University'],['China'],China,Asia
Zhijie Qiao,https://dl.acm.org/profile/99659194115,['East China Normal University'],['China'],China,Asia
Junjie Wang,https://dl.acm.org/profile/99659194278,['East China Normal University'],['China'],China,Asia
Wutthipong Kongburan,https://dl.acm.org/profile/99659154692,['King Mongkuts University of Technology Thonburi'],['Thailand'],Thailand,Asia
Praisan Padungweang,https://dl.acm.org/profile/81442613236,['King Mongkuts University of Technology Thonburi'],['Thailand'],Thailand,Asia
Worarat Krathu,https://dl.acm.org/profile/81550167556,"['King Mongkuts University of Technology Thonburi', 'Vienna University of Technology']","['Thailand', 'Austria']",Thailand,Asia
Luca Chech,https://dl.acm.org/profile/83058634857,['University of Padova'],['Italy'],Italy,Europe
Marta Vasilieva,https://dl.acm.org/profile/99659194161,['University of Helsinki'],['Finland'],Finland,Europe
Lorenzo Papa,https://dl.acm.org/profile/99659194174,['University of Padova'],['Italy'],Italy,Europe
Luciano Gamberini,https://dl.acm.org/profile/81100210885,['University of Padova'],['Italy'],Italy,Europe
Jiajing Zhang,https://dl.acm.org/profile/99659185901,['Zhejiang University'],['China'],China,Asia
Ren Peng,https://dl.acm.org/profile/81466642306,"['Zhejiang University', 'School of Computer and Computing Science']","['China', 'China']",China,Asia
Jinhui Yu,https://dl.acm.org/profile/81381602769,"['State Key Lab of CAD&CG, Zhejiang University', 'Zhejiang University']","['China', 'China']",China,Asia
Denise Junger,https://dl.acm.org/profile/99659194267,['University of Stuttgart'],['Germany'],Germany,Europe
Isabel Hagen,https://dl.acm.org/profile/99659194244,['University of Stuttgart'],['Germany'],Germany,Europe
Robin Horst,https://dl.acm.org/profile/99659194217,['University of Stuttgart'],['Germany'],Germany,Europe
Lukas Brand,https://dl.acm.org/profile/99659194195,"['Landshut University of Applied Sciences', 'University of Erlangen-Nuremberg', 'University of Stuttgart']","['Germany', 'Germany', 'Germany']",Germany,Europe
Armin Müller,https://dl.acm.org/profile/99659194159,['University of Stuttgart'],['Germany'],Germany,Europe
Benjamin Weinert,https://dl.acm.org/profile/99659194207,"['University of Oldenburg', 'University of Stuttgart']","['Germany', 'Germany']",Germany,Europe
Patrick Cheong-Iao Pang,https://dl.acm.org/profile/99658770790,"['School of Computing and Information Systems', 'University of Melbourne']","['Australia', 'Australia']",Australia,Oceania
Bin Pang,https://dl.acm.org/profile/99659194227,['University of Macau'],['Macao'],Macao,Asia
Dominique Tranquille,https://dl.acm.org/profile/99659194112,['University of Brighton'],['United Kingdom'],United Kingdom,Europe
Gem Stapleton,https://dl.acm.org/profile/81339530296,"['University of Brighton', 'University of Kent']","['United Kingdom', 'United Kingdom']",United Kingdom,Europe
Jim Burton,https://dl.acm.org/profile/81384617071,['University of Brighton'],['United Kingdom'],United Kingdom,Europe
Peter J Rodgers,https://dl.acm.org/profile/81100642599,['University of Kent'],['United Kingdom'],United Kingdom,Europe
Thomas Gründer,https://dl.acm.org/profile/81502795846,['Technische Universität Dresden'],['Germany'],Germany,Europe
Thomas Thom,https://dl.acm.org/profile/99659194141,,,,
Martin Kleinsteuber,https://dl.acm.org/profile/81479655070,"['Technical University of Munich', 'Mercateo Deutschland AG', 'Ludwig-Maximilians-University Munich', 'TUM Department of Electrical and Computer Engineering', 'The Australian National University', 'CSIRO Data61', 'Julius-Maximilian University of Würzburg']","['Germany', 'Germany', 'Germany', 'Germany', 'Australia', 'Australia', 'Germany']",Germany,Europe
Alexander Maasch,https://dl.acm.org/profile/99659194167,,,,
Yuri Sato,https://dl.acm.org/profile/99659194250,['University of Brighton'],['United Kingdom'],United Kingdom,Europe
Mateja Jamnik,https://dl.acm.org/profile/81100097678,"['University of Cambridge', 'Department of Computer Science and Technology', 'The University of Edinburgh']","['United Kingdom', 'United Kingdom', 'United Kingdom']",United Kingdom,Europe
Zohreh Shams,https://dl.acm.org/profile/99658750308,"['University of Bath', 'University of Cambridge']","['United Kingdom', 'United Kingdom']",United Kingdom,Europe
Andrew Blake,https://dl.acm.org/profile/99658638715,['University of Brighton'],['United Kingdom'],United Kingdom,Europe
Francesco Paduano,https://dl.acm.org/profile/99659010090,['University of Illinois at Chicago'],['United States'],United States,North America
Ronak Etemadpour,https://dl.acm.org/profile/81551311756,"['City University of New York', 'Oklahoma State University - Stillwater', 'Oklahoma State University System', 'Jacobs University Bremen']","['United States', 'United States', 'United States', 'Germany']",United States,North America
Angus Graeme Forbes,https://dl.acm.org/profile/81474644982,"['University of California, Santa Cruz', 'Purdue University', 'University of Illinois at Chicago', 'The University of Arizona']","['United States', 'United States', 'United States', 'United States']",United States,North America
Yun Wang,https://dl.acm.org/profile/99659020506,['Hong Kong University of Science and Technology'],['Hong Kong'],Hong Kong,Asia
Dongyu Liu,https://dl.acm.org/profile/99659070996,"['Massachusetts Institute of Technology', 'Hong Kong University of Science and Technology']","['United States', 'Hong Kong']",United States,North America
Huamin Qu,https://dl.acm.org/profile/81100337801,"['Hong Kong University of Science and Technology', 'IEEE']","['Hong Kong', 'United States']",Hong Kong,Asia
Qiong Luo,https://dl.acm.org/profile/81339515235,"['Hong Kong University of Science and Technology', 'Tsinghua University']","['Hong Kong', 'China']",Hong Kong,Asia
Xiaojuan Ma,https://dl.acm.org/profile/81484654594,"['Hong Kong University of Science and Technology', 'University of Michigan, Ann Arbor']","['Hong Kong', 'United States']",Hong Kong,Asia
Yang Shi,https://dl.acm.org/profile/81556666156,"['Tongji University', 'Central South University']","['China', 'China']",China,Asia
Yaoxue Zhang,https://dl.acm.org/profile/81339540126,"['Tsinghua University', 'Central South University']","['China', 'China']",China,Asia
Guojun Wang,https://dl.acm.org/profile/81408600293,"['Guangzhou University', 'Central South University', 'Temple University', 'The University of Aizu', 'Hong Kong Polytechnic University']","['China', 'China', 'Italy', 'Japan', 'Hong Kong']",China,Asia
Ronghua Shi,https://dl.acm.org/profile/81470649905,['Central South University'],['China'],China,Asia
Xing Liang,https://dl.acm.org/profile/99658630885,['Arizona State University'],['United States'],United States,North America
Rainer C Splechtna,https://dl.acm.org/profile/81100655096,"['VRVis Research Center', 'University of Maryland, College Park (UMD)']","['Austria', 'United States']",Austria,Europe
Alexandra Diehl,https://dl.acm.org/profile/99658770166,"['University of Konstanz', 'University of Buenos Aires', 'University of Maryland, College Park (UMD)']","['Germany', 'Argentina', 'United States']",Germany,Europe
Mai H Elshehaly,https://dl.acm.org/profile/81554544456,"['Virginia Polytechnic Institute and State University', 'University of Maryland, College Park (UMD)', 'University of Maryland, Baltimore (UMB)']","['United States', 'United States', 'United States']",United States,North America
Claudio A Delrieux,https://dl.acm.org/profile/81544964956,"['South National University', 'University of Maryland, College Park (UMD)']","['Argentina', 'United States']",Argentina,South America
Denis Gracanin,https://dl.acm.org/profile/81100637283,"['Virginia Polytechnic Institute and State University', 'University of Maryland, College Park (UMD)']","['United States', 'United States']",United States,North America
Krešimir Matković,https://dl.acm.org/profile/81375609028,"['VRVis Research Center', 'University of Maryland, College Park (UMD)', 'IEEE']","['Austria', 'United States', 'United States']",Austria,Europe
Kouhei Yasuda,https://dl.acm.org/profile/99659068906,['The University of Tokyo'],['Japan'],Japan,Asia
Shigeo Takahashi,https://dl.acm.org/profile/81410594549,"['The University of Aizu', 'The University of Tokyo', 'IEEE']","['Japan', 'Japan', 'United States']",Japan,Asia
Hsiangyun Wu,https://dl.acm.org/profile/81440610884,"['Vienna University of Technology', 'Keio University', 'The University of Tokyo']","['Austria', 'Japan', 'Japan']",Austria,Europe
Quang Vinh Nguyen,https://dl.acm.org/profile/81100511332,"['The MARCS Institute for Brain, Behaviour and Development', 'Western Sydney University', 'University of Technology Sydney']","['Australia', 'Australia', 'Australia']",Australia,Oceania
Simeon J Simoff,https://dl.acm.org/profile/81100077710,"['Western Sydney University', 'The MARCS Institute for Brain, Behaviour and Development']","['Australia', 'Australia']",Australia,Oceania
Yu Qian,https://dl.acm.org/profile/81452599675,"['J. Craig Venter Institute', 'The University of Texas at Dallas']","['United States', 'United States']",United States,North America
Maolin Huang,https://dl.acm.org/profile/81100079792,"['University of Technology Sydney', 'Tianjin University', 'Tianjin University of Technology']","['Australia', 'China', 'China']",Australia,Oceania
Martin Röhlig,https://dl.acm.org/profile/99658770290,['University of Rostock'],['Germany'],Germany,Europe
H. Schumann,https://dl.acm.org/profile/81100094349,['University of Rostock'],['Germany'],Germany,Europe
Ruth West,https://dl.acm.org/profile/81320496219,"['University of North Texas', 'University of California, Los Angeles', 'University of California, San Diego']","['United States', 'United States', 'United States']",United States,North America
Meghan Kajihara,https://dl.acm.org/profile/99659067772,['University of North Texas'],['United States'],United States,North America
Max Parola,https://dl.acm.org/profile/99658988047,['University of North Texas'],['United States'],United States,North America
Kathryn Hays,https://dl.acm.org/profile/99659067444,['University of North Texas'],['United States'],United States,North America
Luke Hillard,https://dl.acm.org/profile/99659068485,['University of North Texas'],['United States'],United States,North America
Anne Carlew,https://dl.acm.org/profile/99659067913,['University of North Texas'],['United States'],United States,North America
Jeremey Deutsch,https://dl.acm.org/profile/99659068986,['University of North Texas'],['United States'],United States,North America
Brandon Lane,https://dl.acm.org/profile/99659068083,['University of North Texas'],['United States'],United States,North America
Michelle Holloway,https://dl.acm.org/profile/99658628447,['Washington University in St. Louis'],['United States'],United States,North America
Brendan John,https://dl.acm.org/profile/87658893257,"['University of Florida', 'Rochester Institute of Technology']","['United States', 'United States']",United States,North America
Anahita Sanandaji,https://dl.acm.org/profile/99658988516,['Oregon State University'],['United States'],United States,North America
Cindy Marie Grimm,https://dl.acm.org/profile/81100553787,"['Oregon State University', 'Washington University in St. Louis', 'Texas A&M University', 'University of Central Florida', 'IEEE']","['United States', 'United States', 'United States', 'United States', 'United States']",United States,North America
Zheng Huang,https://dl.acm.org/profile/99659036087,['North Dakota State University'],['United States'],United States,North America
Jed Limke,https://dl.acm.org/profile/99659068000,['North Dakota State University'],['United States'],United States,North America
Jun Kong,https://dl.acm.org/profile/81408600332,"['North Dakota State University', 'The University of Texas at Dallas']","['United States', 'United States']",United States,North America
Muye Yang,https://dl.acm.org/profile/99658765217,['University of Macau'],['Macao'],Macao,Asia
Yina Li,https://dl.acm.org/profile/99658766518,['Nankai University'],['China'],China,Asia
Dongjin Li,https://dl.acm.org/profile/99658766563,['Nankai University'],['China'],China,Asia
Casey Haber,https://dl.acm.org/profile/99659068785,['University of San Francisco'],['United States'],United States,North America
Lyndonong Yiu,https://dl.acm.org/profile/99659068146,['University of San Francisco'],['United States'],United States,North America
Alark Joshi,https://dl.acm.org/profile/81339508109,"['University of San Francisco', 'Yale University', 'University of Maryland, Baltimore County (UMBC)', 'IEEE']","['United States', 'United States', 'United States', 'United States']",United States,North America
Sophie Engle,https://dl.acm.org/profile/81442602782,"['University of San Francisco', 'University of California, Davis']","['United States', 'United States']",United States,North America
Hui Lei,https://dl.acm.org/profile/99659068491,['Changsha University of Science and Technology'],['China'],China,Asia
Cong Xie,https://dl.acm.org/profile/99659067824,['Stony Brook University'],['United States'],United States,North America
Pingping Shang,https://dl.acm.org/profile/99659068366,"['State Key Lab of CAD&CG, Zhejiang University']",['China'],China,Asia
Fan Zhang,https://dl.acm.org/profile/99659068293,"['Massachusetts Institute of Technology', 'Zhejiang University of Technology']","['United States', 'China']",United States,North America
Weri Chen,https://dl.acm.org/profile/81548161656,"['State Key Lab of CAD&CG, Zhejiang University', 'Zhejiang University']","['China', 'China']",China,Asia
Qunsheng Peng,https://dl.acm.org/profile/81451598508,"['State Key Lab of CAD&CG, Zhejiang University', 'Zhejiang University']","['China', 'China']",China,Asia
Tobias Ruppert,https://dl.acm.org/profile/81474695617,['Fraunhofer Institute for Computer Graphics Research IGD'],['Germany'],Germany,Europe
Andreas Bannach,https://dl.acm.org/profile/99658949790,['Fraunhofer Institute for Computer Graphics Research IGD'],['Germany'],Germany,Europe
Jürgen Bernard,https://dl.acm.org/profile/81442607723,"['University of Zurich', 'The University of British Columbia', 'Fraunhofer Institute for Computer Graphics Research IGD']","['Switzerland', 'Canada', 'Germany']",Switzerland,Europe
Hendrik Lücke-Tieke,https://dl.acm.org/profile/99658654866,"['Fraunhofer Institute for Computer Graphics Research IGD', 'Athena Research and Innovation Center in Information, Communication and Knowledge Technologies']","['Germany', 'Greece']",Germany,Europe
Alex Ulmer,https://dl.acm.org/profile/99658657326,['Fraunhofer Institute for Computer Graphics Research IGD'],['Germany'],Germany,Europe
Jörn Kohlhammer,https://dl.acm.org/profile/81332509409,"['Fraunhofer Institute for Computer Graphics Research IGD', 'Technical University of Darmstadt']","['Germany', 'Germany']",Germany,Europe
Jiangen He,https://dl.acm.org/profile/99659191638,"['Drexel University', 'University of Maryland, College Park (UMD)']","['United States', 'United States']",United States,North America
Chaomei Chen,https://dl.acm.org/profile/81100119664,"['Drexel University', 'Dalian University of Technology', 'Brunel University London', 'Glasgow Caledonian University']","['United States', 'China', 'United Kingdom', 'United Kingdom']",United States,North America
Wenqian Ji,https://dl.acm.org/profile/99659068616,['Hohai University'],['China'],China,Asia
Yan Tang,https://dl.acm.org/profile/99659067476,['Hohai University'],['China'],China,Asia
Pengju Ma,https://dl.acm.org/profile/99659068606,['Hohai University'],['China'],China,Asia
Shijie Tang,https://dl.acm.org/profile/99659068288,['Hohai University'],['China'],China,Asia
Zhipeng Fang,https://dl.acm.org/profile/99659068325,['Hohai University'],['China'],China,Asia
Xuan Li,https://dl.acm.org/profile/99659068772,"['Baidu, Inc.']",['China'],China,Asia
Tianjian Chen,https://dl.acm.org/profile/81548022965,"['Baidu, Inc.']",['China'],China,Asia
Lina Zhang,https://dl.acm.org/profile/81490644010,"['State Key Lab of CAD&CG, Zhejiang University']",['China'],China,Asia
Kwan-Liu Ma,https://dl.acm.org/profile/81452595774,"['University of California, Davis', 'IEEE', 'NASA Langley Research Center', 'The University of Utah']","['United States', 'United States', 'United States', 'United States']",United States,North America
Jinhui Yu,https://dl.acm.org/profile/99659664633,"['State Key Lab of CAD&CG, Zhejiang University']",['China'],China,Asia
Lu Xiong,https://dl.acm.org/profile/99659068053,['Tianjin University'],['China'],China,Asia
Kai Sun,https://dl.acm.org/profile/99659067653,['Shanghai University'],['China'],China,Asia
Zongchao Guo,https://dl.acm.org/profile/99659067563,['Shanghai University'],['China'],China,Asia
Iliesa S Delai,https://dl.acm.org/profile/99659664742,['Brigham Young University Hawaii'],['United States'],United States,North America
Meilan Jin,https://dl.acm.org/profile/99659068939,['Brigham Young University'],['United States'],United States,North America
Geoffrey M Draper,https://dl.acm.org/profile/81430638972,"['Brigham Young University Hawaii', 'The University of Utah']","['United States', 'United States']",United States,North America
Seimei Matsusaki,https://dl.acm.org/profile/99659068113,['University of San Francisco'],['United States'],United States,North America
Xi Han,https://dl.acm.org/profile/99659067967,['University of San Francisco'],['United States'],United States,North America
Xin Kang,https://dl.acm.org/profile/99659068200,"['Ningbo University of Technology', 'Peking University', 'National Taipei University of Technology', 'Beijing University of Technology']","['China', 'China', 'Taiwan', 'China']",China,Asia
Yinan Li,https://dl.acm.org/profile/99659068315,['Southeast University'],['China'],China,Asia
Jian Wang,https://dl.acm.org/profile/99659068936,['Southeast University'],['China'],China,Asia
Daniel Wilches,https://dl.acm.org/profile/99659068554,['University of Wyoming'],['United States'],United States,North America
Amy Banić,https://dl.acm.org/profile/83059087157,['University of Wyoming'],['United States'],United States,North America
Sarah Hong,https://dl.acm.org/profile/99659067636,,,,
Yuyi Liu,https://dl.acm.org/profile/99659067860,,,,
Zhao Xiao,https://dl.acm.org/profile/99659052542,"['Tianjin University', 'East China Normal University']","['China', 'China']",China,Asia
Jie Wu,https://dl.acm.org/profile/99659067654,['Tongji University'],['China'],China,Asia
Guangxi Chen,https://dl.acm.org/profile/99659068256,['Tongji University'],['China'],China,Asia
Wang Qian,https://dl.acm.org/profile/99659068830,['Shanghai Jiao Tong University'],['China'],China,Asia
Xiao Bing,https://dl.acm.org/profile/99659067729,['Shanghai Jiao Tong University'],['China'],China,Asia
Vetria Laverne Byrd,https://dl.acm.org/profile/81487640747,"['Purdue University', 'The University of Alabama at Birmingham']","['United States', 'United States']",United States,North America
Joseph A Cottam,https://dl.acm.org/profile/81372593397,"['Pacific Northwest National Laboratory', 'Indiana University Bloomington']","['United States', 'United States']",United States,North America
Koji Kainou,https://dl.acm.org/profile/99658767899,['University of Tsukuba'],['Japan'],Japan,Asia
Hotaka Takizawa,https://dl.acm.org/profile/81100070397,"['University of Tsukuba', 'Toyohashi University of Technology']","['Japan', 'Japan']",Japan,Asia
Mayumi Aoyagi,https://dl.acm.org/profile/99658769229,['Aichi University of Education'],['Japan'],Japan,Asia
Nobuo Ezaki,https://dl.acm.org/profile/81309484223,"['National Institute of Technology, Toba College']",['Japan'],Japan,Asia
Shinji Mizuno,https://dl.acm.org/profile/99660176893,"['Aichi Institute of Technology', 'Toyohashi University of Technology']","['Japan', 'Japan']",Japan,Asia
Christoph Müller,https://dl.acm.org/profile/81330495342,['University of Stuttgart'],['Germany'],Germany,Europe
Guido Reina,https://dl.acm.org/profile/81336492267,['University of Stuttgart'],['Germany'],Germany,Europe
Thomas Ertl,https://dl.acm.org/profile/81332497603,['University of Stuttgart'],['Germany'],Germany,Europe
Michael Krone,https://dl.acm.org/profile/81444600345,"['University of Tübingen', 'University of Stuttgart']","['Germany', 'Germany']",Germany,Europe
Alexandros Panagiotidis,https://dl.acm.org/profile/81482658558,['University of Stuttgart'],['Germany'],Germany,Europe
Tilo Pfannkuch,https://dl.acm.org/profile/99658768097,['University of Stuttgart'],['Germany'],Germany,Europe
Andrew Kennedy,https://dl.acm.org/profile/99658767810,['The University of Sydney'],['Australia'],Australia,Oceania
An Nguyen,https://dl.acm.org/profile/99658768973,['The University of Sydney'],['Australia'],Australia,Oceania
Tingyu Chen,https://dl.acm.org/profile/99658767526,['National Chiao Tung University Taiwan'],['Taiwan'],Taiwan,
Sai Keung Wong,https://dl.acm.org/profile/81548026358,['National Chiao Tung University Taiwan'],['Taiwan'],Taiwan,
Chica Matsueda,https://dl.acm.org/profile/99658765625,['Ochanomizu University'],['Japan'],Japan,Asia
John B McGhee,https://dl.acm.org/profile/81335494516,"['UNSW Sydney', 'University of Dundee']","['Australia', 'United Kingdom']",Australia,Oceania
Angelica G Thompson-Butel,https://dl.acm.org/profile/99658767702,"[""St. Vincent's Hospital Sydney""]",['Australia'],Australia,Oceania
Steven Faux,https://dl.acm.org/profile/99658712892,"[""St. Vincent's Hospital Sydney"", 'UNSW Sydney']","['Australia', 'Australia']",Australia,Oceania
Pascal Bou-Haidar,https://dl.acm.org/profile/99658767746,"[""St Vincent's Private Hospital""]",['Australia'],Australia,Oceania
John Bailey,https://dl.acm.org/profile/99658766123,['UNSW Sydney'],['Australia'],Australia,Oceania
Ajune Wanis Ismail,https://dl.acm.org/profile/81442594829,['Universiti Teknologi Malaysia'],['Malaysia'],Malaysia,Asia
Mark Nathan Billinghurst,https://dl.acm.org/profile/81100499261,"['University of South Australia', 'The University of Auckland', 'University of Michigan, Ann Arbor']","['Australia', 'New Zealand', 'United States']",Australia,Oceania
Mohd Shahrizal Bin Sunar,https://dl.acm.org/profile/81100128492,"['Universiti Teknologi Malaysia', 'Sunway University']","['Malaysia', 'Malaysia']",Malaysia,Asia
Marco Angelini,https://dl.acm.org/profile/81537766956,['Sapienza University of Rome'],['Italy'],Italy,Europe
Giuseppe Santucci,https://dl.acm.org/profile/81100525081,"['Sapienza University of Rome', 'University of Maryland, College Park (UMD)']","['Italy', 'United States']",Italy,Europe
Zhaopeng Meng,https://dl.acm.org/profile/81498648020,['Tianjin University'],['China'],China,Asia
Eriko Koike,https://dl.acm.org/profile/99658767864,['Ochanomizu University'],['Japan'],Japan,Asia
Aditeya Pandey,https://dl.acm.org/profile/99658684477,['Tata Consultancy Services India'],['India'],India,Asia
Kunal Ranjan,https://dl.acm.org/profile/99658767511,['Tata Consultancy Services India'],['India'],India,Asia
Geetika Sharma,https://dl.acm.org/profile/81536868856,"['Tata Consultancy Services India', 'Indian Institute of Technology Delhi']","['India', 'India']",India,Asia
Lipika Dey,https://dl.acm.org/profile/81100327275,"['Tata Consultancy Services India', 'Indian Institute of Technology Delhi']","['India', 'India']",India,Asia
Yan Huang,https://dl.acm.org/profile/99659047793,"['Chinese Academy of Sciences', 'Institute of Automation Chinese Academy of Sciences']","['China', 'China']",China,Asia
Cui-Xia Ma,https://dl.acm.org/profile/81384602486,"['Institute of Software Chinese Academy of Sciences', 'Chinese Academy of Sciences']","['China', 'China']",China,Asia
Hong'an Wang,https://dl.acm.org/profile/81100220294,"['Institute of Software Chinese Academy of Sciences', 'Alibaba Group Holding Limited']","['China', 'China']",China,Asia
Katrin Scharnowski,https://dl.acm.org/profile/81503680067,['University of Stuttgart'],['Germany'],Germany,Europe
Yukari Shirota,https://dl.acm.org/profile/81100229818,"['Gakushuin University', 'Ricoh Co., Ltd.', 'The University of Tokyo']","['Japan', 'Japan', 'Japan']",Japan,Asia
Yutaka Takahashi,https://dl.acm.org/profile/99658766578,['Senshu University'],['Japan'],Japan,Asia
Nobuhide Tanaka,https://dl.acm.org/profile/99658767957,['Gakushuin University'],['Japan'],Japan,Asia
Michiya Morita,https://dl.acm.org/profile/99658767496,['Gakushuin University'],['Japan'],Japan,Asia
Makiko Harada,https://dl.acm.org/profile/99658764981,['Tokyo Metropolitan University'],['Japan'],Japan,Asia
Hidenori Watanave,https://dl.acm.org/profile/81365592172,"['The University of Tokyo', 'Tokyo Metropolitan University']","['Japan', 'Japan']",Japan,Asia
Nozomi Tamaki,https://dl.acm.org/profile/99658767417,['Shimane University'],['Japan'],Japan,Asia
Masahito Hirakawa,https://dl.acm.org/profile/81100170303,"['Shimane University', 'Hiroshima University']","['Japan', 'Japan']",Japan,Asia
Harrison Cook,https://dl.acm.org/profile/99658765656,,,,
Antoine Trouvé,https://dl.acm.org/profile/81456607597,['Kyushu University'],['Japan'],Japan,Asia
Kazuaki J Murakami,https://dl.acm.org/profile/99659767347,['Kyushu University'],['Japan'],Japan,Asia
Sayaka Yagi,https://dl.acm.org/profile/81508696579,['Ochanomizu University'],['Japan'],Japan,Asia
Masahiro Takatsuka,https://dl.acm.org/profile/81438595290,['The University of Sydney'],['Australia'],Australia,Oceania
Hyoji Ha,https://dl.acm.org/profile/99658765559,['Ajou University'],['South Korea'],South Korea,Asia
Sungyun Bae,https://dl.acm.org/profile/99658768692,['Ajou University'],['South Korea'],South Korea,Asia
Shinya Tachihara,https://dl.acm.org/profile/99658767024,['Tokyo University of Science'],['Japan'],Japan,Asia
Takehiko Yamaguchi,https://dl.acm.org/profile/99658768992,"['Tokyo University of Science', ""Universite d'Angers"", 'University of Arkansas - Fayetteville']","['Japan', 'France', 'United States']",Japan,Asia
Naoki Ishiura,https://dl.acm.org/profile/99658768164,['Tokyo University of Science'],['Japan'],Japan,Asia
Mickaël Dinomais,https://dl.acm.org/profile/99658765383,"[""Universite d'Angers""]",['France'],France,Europe
Paul Richard,https://dl.acm.org/profile/81452605387,"[""Universite d'Angers""]",['France'],France,Europe
Sylvie Nguyen,https://dl.acm.org/profile/99658768472,,,,
Tetsuji Takada,https://dl.acm.org/profile/81100211722,['The University of Electro-Communications'],['Japan'],Japan,Asia
Katsuhiro Amako,https://dl.acm.org/profile/99658765798,['The University of Electro-Communications'],['Japan'],Japan,Asia
Jiann Der Lee,https://dl.acm.org/profile/81384604143,"['Chang Gung University', 'National Taiwan University of Science and Technology']","['Taiwan', 'Taiwan']",Taiwan,
Haoche Lee,https://dl.acm.org/profile/99658768773,['Chang Gung University'],['Taiwan'],Taiwan,
Chunghung Hsieh,https://dl.acm.org/profile/99658768076,['Chang Gung University'],['Taiwan'],Taiwan,
Chiehtsai Wu,https://dl.acm.org/profile/99658768982,['Chang Gung Memorial Hospital'],['Taiwan'],Taiwan,
Shintseng Lee,https://dl.acm.org/profile/81322499106,"['Chang Gung Memorial Hospital', 'Chang Gung University']","['Taiwan', 'Taiwan']",Taiwan,
Norio Katayama,https://dl.acm.org/profile/81100019210,['Research Organization of Information and Systems National Institute of Informatics'],['Japan'],Japan,Asia
Hiroshi Mo,https://dl.acm.org/profile/81100494174,['Research Organization of Information and Systems National Institute of Informatics'],['Japan'],Japan,Asia
Shin'ichi Satoh,https://dl.acm.org/profile/81100094722,['The University of Tokyo'],['Japan'],Japan,Asia
Mengjia Zhang,https://dl.acm.org/profile/99658765750,['Tianjin University'],['China'],China,Asia
Anatoly Yelizarov,https://dl.acm.org/profile/99658638712,['Lomonosov Moscow State University'],['Russia'],Russia,
Dennis Yu Gamayunov,https://dl.acm.org/profile/81336489058,['Lomonosov Moscow State University'],['Russia'],Russia,
Brady Cannon,https://dl.acm.org/profile/99658638266,['Micron Technology Incorporated'],['United States'],United States,North America
Minoti Hiremath,https://dl.acm.org/profile/99658638173,['Boise State University'],['United States'],United States,North America
Cheryl Jorcyk,https://dl.acm.org/profile/81481649504,['Boise State University'],['United States'],United States,North America
Tze Haw Huang,https://dl.acm.org/profile/81430601375,['University of Technology Sydney'],['Australia'],Australia,Oceania
Laiping Zhao,https://dl.acm.org/profile/81444602443,"['Tianjin University', 'Kyushu University']","['China', 'Japan']",China,Asia
Gao Yi,https://dl.acm.org/profile/99658640147,['The University of Tokyo'],['Japan'],Japan,Asia
Kazuyo Mizuno,https://dl.acm.org/profile/87958942257,['The University of Tokyo'],['Japan'],Japan,Asia
Hong Zhou,https://dl.acm.org/profile/81453634205,"['Shenzhen University', 'Hong Kong University of Science and Technology']","['China', 'Hong Kong']",China,Asia
Panpan Xu,https://dl.acm.org/profile/81487645560,"['Bosch Research and Technology Center', 'Hong Kong University of Science and Technology']","['United States', 'Hong Kong']",United States,North America
Zhong Ming,https://dl.acm.org/profile/81100136462,"['Shenzhen University', 'Henan University']","['China', 'China']",China,Asia
Haile Vu,https://dl.acm.org/profile/81323497372,"['Monash University', 'Swinburne University of Technology']","['Australia', 'Australia']",Australia,Oceania
Jan Wolter,https://dl.acm.org/profile/99658640625,['University of Paderborn'],['Germany'],Germany,Europe
Uwe Kastens,https://dl.acm.org/profile/81100449926,"['University of Paderborn', 'Karlsruhe Institute of Technology, Campus South']","['Germany', 'Germany']",Germany,Europe
Kaimin Chen,https://dl.acm.org/profile/99658641338,['National Chiao Tung University Taiwan'],['Taiwan'],Taiwan,
Loredana Caruccio,https://dl.acm.org/profile/99658631520,['University of Salerno'],['Italy'],Italy,Europe
Vincenzo Deufemia,https://dl.acm.org/profile/81100475245,['University of Salerno'],['Italy'],Italy,Europe
Christopher D'Souza,https://dl.acm.org/profile/82459248057,"['Australian Catholic University', 'Western Sydney University']","['Australia', 'Australia']",Australia,Oceania
Athula Ginige,https://dl.acm.org/profile/81100317930,"['The University of Sydney', 'Western Sydney University', 'Link Campus University']","['Australia', 'Australia', 'Italy']",Australia,Oceania
Giuseppe Polese,https://dl.acm.org/profile/81100439669,"['University of Salerno', 'University of Pittsburgh']","['Italy', 'United States']",Italy,Europe
Andrew S Brunker,https://dl.acm.org/profile/99658641837,['Western Sydney University'],['Australia'],Australia,Oceania
Anthony J Maeder,https://dl.acm.org/profile/81100346001,"['Flinders University', 'Western Sydney University', 'CSIRO Ict Centre', 'Queensland University of Technology']","['Australia', 'Australia', 'Australia', 'Australia']",Australia,Oceania
Rhys Tague,https://dl.acm.org/profile/81479660336,['Western Sydney University'],['Australia'],Australia,Oceania
Gregory S Kolt,https://dl.acm.org/profile/99658642575,['Western Sydney University'],['Australia'],Australia,Oceania
Trevor N Savage,https://dl.acm.org/profile/99658640354,['Western Sydney University'],['Australia'],Australia,Oceania
Corneel Vandelanotte,https://dl.acm.org/profile/99658640097,,,,
Mitch J Duncan,https://dl.acm.org/profile/99658642637,,,,
Cristina M Caperchione,https://dl.acm.org/profile/99658641098,['The University of British Columbia'],['Canada'],Canada,North America
Richard R Rosenkranz,https://dl.acm.org/profile/99658640509,['Kansas State University'],['United States'],United States,North America
Anetta Van Itallie,https://dl.acm.org/profile/99658641075,,,,
W Kerry Mummery,https://dl.acm.org/profile/99658639143,['University of Alberta'],['Canada'],Canada,North America
Isha Singh Jassi,https://dl.acm.org/profile/99658638828,['National Institute of Technology Karnataka'],['India'],India,Asia
S Ruchika,https://dl.acm.org/profile/99658638866,['National Institute of Technology Karnataka'],['India'],India,Asia
Susmitha Pulakhandam,https://dl.acm.org/profile/99658638735,['National Institute of Technology Karnataka'],['India'],India,Asia
Subhayan Mukherjee,https://dl.acm.org/profile/99658639930,['National Institute of Technology Karnataka'],['India'],India,Asia
T S Ashwin,https://dl.acm.org/profile/99658639596,['National Institute of Technology Karnataka'],['India'],India,Asia
Geereddy Ram Mohana Reddy,https://dl.acm.org/profile/81481646797,['National Institute of Technology Karnataka'],['India'],India,Asia
Mengyao Chen,https://dl.acm.org/profile/99658640683,['Tianjin University'],['China'],China,Asia
Cong Chen,https://dl.acm.org/profile/81549576556,['The University of Texas at Dallas'],['United States'],United States,North America
Shuqing Liu,https://dl.acm.org/profile/81549254156,"['Tianjin University', 'Tsinghua University']","['China', 'China']",China,Asia
Xiaofei Guo,https://dl.acm.org/profile/84460111757,['Tsinghua University'],['China'],China,Asia
Juanzi Li,https://dl.acm.org/profile/81350597955,['Tsinghua University'],['China'],China,Asia
Ruibing Yang,https://dl.acm.org/profile/99658642128,['Tsinghua University'],['China'],China,Asia
Xiaoli Ma,https://dl.acm.org/profile/99658640108,['Tsinghua University'],['China'],China,Asia
Priyamvada Tiwari,https://dl.acm.org/profile/99658641267,['Indian Institute of Technology Guwahati'],['India'],India,Asia
Keyur Sorathia,https://dl.acm.org/profile/87958883657,['Indian Institute of Technology Guwahati'],['India'],India,Asia
Joris Suppers,https://dl.acm.org/profile/99658635275,['University of Waikato'],['New Zealand'],New Zealand,Oceania
Mark D Apperley,https://dl.acm.org/profile/81100385323,"['University of Waikato', 'Massey University']","['New Zealand', 'New Zealand']",New Zealand,Oceania
John Howse,https://dl.acm.org/profile/81548004966,['University of Brighton'],['United Kingdom'],United Kingdom,Europe
Weidong Huang,https://dl.acm.org/profile/81100080630,"['University of Technology Sydney', 'Swinburne University of Technology', 'University of Tasmania']","['Australia', 'Australia', 'Australia']",Australia,Oceania
Jennifer Seevinck,https://dl.acm.org/profile/81100515420,"['Queensland University of Technology', 'University of Technology Sydney', 'Old Dominion University']","['Australia', 'Australia', 'United States']",Australia,Oceania
Phillip Gough,https://dl.acm.org/profile/87958859657,"['The University of Sydney', 'Queensland University of Technology']","['Australia', 'Australia']",Australia,Oceania
Xavier Ho,https://dl.acm.org/profile/99658638983,['The University of Sydney'],['Australia'],Australia,Oceania
Kate Dunn,https://dl.acm.org/profile/99658638791,['The University of Sydney'],['Australia'],Australia,Oceania
Ryuya Akase,https://dl.acm.org/profile/81508706255,['Kyushu University'],['Japan'],Japan,Asia
Yoshihiro Okada,https://dl.acm.org/profile/81100385632,"['Kyushu University', 'Ryukoku University']","['Japan', 'Japan']",Japan,Asia
Ning Li,https://dl.acm.org/profile/81550168756,['Shandong University'],['China'],China,Asia
Zhifang Jiang,https://dl.acm.org/profile/81548917056,['Shandong University'],['China'],China,Asia
Zixiang Liu,https://dl.acm.org/profile/82458926857,['Shandong University'],['China'],China,Asia
Haoxin Sun,https://dl.acm.org/profile/99658638818,['Shandong University'],['China'],China,Asia
Sakib Jalil,https://dl.acm.org/profile/99658641472,['James Cook University'],['Australia'],Australia,Oceania
Trina S Myers,https://dl.acm.org/profile/81333490090,['James Cook University'],['Australia'],Australia,Oceania
Ian M Atkinson,https://dl.acm.org/profile/81100309773,['James Cook University'],['Australia'],Australia,Oceania
Minwook Kim,https://dl.acm.org/profile/99658637818,['Brigham Young University Hawaii'],['United States'],United States,North America
Hiba Ahsan,https://dl.acm.org/profile/99658637904,['National Institute of Technology Karnataka'],['India'],India,Asia
Aarti Prabhu,https://dl.acm.org/profile/99658639837,['National Institute of Technology Karnataka'],['India'],India,Asia
S D Deeksha,https://dl.acm.org/profile/99658642946,['National Institute of Technology Karnataka'],['India'],India,Asia
Shridhar G Domanal,https://dl.acm.org/profile/99658641888,['National Institute of Technology Karnataka'],['India'],India,Asia
Dylan Mathiesen,https://dl.acm.org/profile/81550383556,['James Cook University'],['Australia'],Australia,Oceania
Andrew Bennett,https://dl.acm.org/profile/99658639470,['University of Tasmania'],['Australia'],Australia,Oceania
Christopher Lueg,https://dl.acm.org/profile/81100508565,"['Berner Fachhochschule', 'University of Tasmania', 'Charles Darwin University', 'University of Technology Sydney']","['Switzerland', 'Australia', 'Australia', 'Australia']",Switzerland,Europe
Jacob L Cybulski,https://dl.acm.org/profile/81100333166,"['Deakin University', 'University of Melbourne']","['Australia', 'Australia']",Australia,Oceania
Susan Keller,https://dl.acm.org/profile/99658640486,['Deakin University'],['Australia'],Australia,Oceania
Dilal Saundage,https://dl.acm.org/profile/99658641791,['Deakin University'],['Australia'],Australia,Oceania
Kiho Sakamoto,https://dl.acm.org/profile/99658637874,['Ochanomizu University'],['Japan'],Japan,Asia
Lakkhana Mallikarachchi,https://dl.acm.org/profile/99658637926,['University of Colombo'],['Sri Lanka'],Sri Lanka,Asia
Anuja T Dharmaratne,https://dl.acm.org/profile/81100553482,"['Monash University Malaysia', 'Hiroshima University']","['Malaysia', 'Japan']",Malaysia,Asia
Yi Li,https://dl.acm.org/profile/81549490456,['Nanjing University'],['China'],China,Asia
Zhenfeng Wu,https://dl.acm.org/profile/99658639117,,,,
Ting Sun,https://dl.acm.org/profile/99658639236,,,,
Callum Parker,https://dl.acm.org/profile/99658641366,"['The University of Sydney', 'University of Tasmania']","['Australia', 'Australia']",Australia,Oceania
Martin Tomitsch,https://dl.acm.org/profile/81100138830,"['The University of Sydney', 'Vienna University of Technology']","['Australia', 'Austria']",Australia,Oceania
Alireza Rezaeian,https://dl.acm.org/profile/99658641418,['Queensland University of Technology'],['Australia'],Australia,Oceania
Jared Donovan,https://dl.acm.org/profile/81100611794,"['Queensland University of Technology', 'University of Southern Denmark, Sønderborg']","['Australia', 'Denmark']",Australia,Oceania
P K S Udana,https://dl.acm.org/profile/99658642936,['University of Colombo'],['Sri Lanka'],Sri Lanka,Asia
Fumie Banba,https://dl.acm.org/profile/99658639255,['Ochanomizu University'],['Japan'],Japan,Asia
Naruhito Toyoda,https://dl.acm.org/profile/81492654998,['Shiseido Company Ltd.'],['Japan'],Japan,Asia
Hitomi Otaka,https://dl.acm.org/profile/99658641213,['Shiseido Company Ltd.'],['Japan'],Japan,Asia
K K Nisha,https://dl.acm.org/profile/99659429762,['National Institute of Technology Karnataka'],['India'],India,Asia
H R Pruthvi,https://dl.acm.org/profile/99658641805,['National Institute of Technology Karnataka'],['India'],India,Asia
Shwetha N Hadimani,https://dl.acm.org/profile/99658639725,['National Institute of Technology Karnataka'],['India'],India,Asia
Madhawa Gunasekara,https://dl.acm.org/profile/99658638639,['University of Colombo'],['Sri Lanka'],Sri Lanka,Asia
Damitha Sandaruwan,https://dl.acm.org/profile/81502806530,['University of Colombo'],['Sri Lanka'],Sri Lanka,Asia
Hirantha Weerarathna,https://dl.acm.org/profile/99658641797,['University of Colombo'],['Sri Lanka'],Sri Lanka,Asia
Hiroki Fujita,https://dl.acm.org/profile/99658640964,['University of Toyama'],['Japan'],Japan,Asia
Yoshio Nakashima,https://dl.acm.org/profile/99658639441,['University of Toyama'],['Japan'],Japan,Asia
Mamoru Takamatsu,https://dl.acm.org/profile/99658639630,['University of Toyama'],['Japan'],Japan,Asia
Daniel Filonik,https://dl.acm.org/profile/81440621162,"['Epicentre', 'CSIRO Data61', 'UNSW Sydney', 'Queensland University of Technology']","['France', 'Australia', 'Australia', 'Australia']",France,Europe
Markus Rittenbruch,https://dl.acm.org/profile/81100268335,"['Queensland University of Technology', 'CSIRO Data61', 'The University of Queensland', 'University of Bonn']","['Australia', 'Australia', 'Australia', 'Germany']",Australia,Oceania
Professor Marcus Foth,https://dl.acm.org/profile/81342494632,['Queensland University of Technology'],['Australia'],Australia,Oceania
Paolo Bottoni,https://dl.acm.org/profile/81100425686,"['Sapienza University of Rome', 'University of Milan']","['Italy', 'Italy']",Italy,Europe
Kamen D Kanev,https://dl.acm.org/profile/81350572984,"['Shizuoka University', 'Ontario Tech University', 'The University of Aizu']","['Japan', 'Canada', 'Japan']",Japan,Asia
Nikolay N Mirenkov,https://dl.acm.org/profile/81100503196,"['The University of Aizu', 'Siberian Branch, Russian Academy of Sciences']","['Japan', 'Russia']",Japan,Asia
Lei Ren,https://dl.acm.org/profile/81552904056,"['Beihang University', 'Ministry of Education China']","['China', 'China']",China,Asia
Jin Cui,https://dl.acm.org/profile/99660111829,['Beihang University'],['China'],China,Asia
Yi Du,https://dl.acm.org/profile/81470647228,"['Chinese Academy of Sciences', 'University of Chinese Academy of Sciences']","['China', 'China']",China,Asia
Guozhong Dai,https://dl.acm.org/profile/81100172122,"['Institute of Software Chinese Academy of Sciences', 'Chinese Academy of Sciences', 'Nokia Corporation']","['China', 'China', 'Finland']",China,Asia
Haifeng Li,https://dl.acm.org/profile/81479657628,['Harbin Institute of Technology'],['China'],China,Asia
Dayi Yang,https://dl.acm.org/profile/82459167457,['Harbin Institute of Technology'],['China'],China,Asia
Yangyang Fu,https://dl.acm.org/profile/82459085757,['Harbin Institute of Technology'],['China'],China,Asia
Hujie Huang,https://dl.acm.org/profile/82458947557,['Harbin Institute of Technology'],['China'],China,Asia
Hongyuan Fang,https://dl.acm.org/profile/82458827157,['Harbin Institute of Technology'],['China'],China,Asia
Mofei Song,https://dl.acm.org/profile/81466644873,['Nanjing University'],['China'],China,Asia
Feiqian Zhang,https://dl.acm.org/profile/82458781457,['Nanjing University'],['China'],China,Asia
Zhengxing Sun,https://dl.acm.org/profile/81375607623,['Nanjing University'],['China'],China,Asia
Yan Zhang,https://dl.acm.org/profile/81408596522,"['Beijing Electronic Science and Technology Institute', 'Nanjing University']","['China', 'China']",China,Asia
Quan Li,https://dl.acm.org/profile/84460499457,['Tsinghua University'],['China'],China,Asia
Li Chen,https://dl.acm.org/profile/81550069356,['Tsinghua University'],['China'],China,Asia
Robert Wang,https://dl.acm.org/profile/82459274457,,,,
Jun-Hai Yong,https://dl.acm.org/profile/81350568307,['Tsinghua University'],['China'],China,Asia
Detan Si,https://dl.acm.org/profile/82458816557,,,,
Abhishek P Chhetri,https://dl.acm.org/profile/81472652484,['The University of Texas at Dallas'],['United States'],United States,North America
Eakta Jain,https://dl.acm.org/profile/99659528788,"['Texas Instruments', 'The University of Texas at Dallas']","['United States', 'United States']",United States,North America
Chenghai Zhang,https://dl.acm.org/profile/82459080257,['East China Normal University'],['China'],China,Asia
Zaijia Liu,https://dl.acm.org/profile/81549398556,['Tsinghua University'],['China'],China,Asia
Xianjunsam Zheng,https://dl.acm.org/profile/81416606402,"['Tsinghua University', 'Siemens USA']","['China', 'United States']",China,Asia
Mingyang Wu,https://dl.acm.org/profile/82458982257,['Tsinghua University'],['China'],China,Asia
Rui Dong,https://dl.acm.org/profile/82458977257,['Tsinghua University'],['China'],China,Asia
Kaiping Peng,https://dl.acm.org/profile/81549374356,['Tsinghua University'],['China'],China,Asia
Jie Liang,https://dl.acm.org/profile/81375593142,"['University of Technology Sydney', 'Peking University', 'Beijing University of Technology']","['Australia', 'China', 'China']",Australia,Oceania
Rossella Aiello,https://dl.acm.org/profile/81500642052,['University of Salerno'],['Italy'],Italy,Europe
Giancarlo Nota,https://dl.acm.org/profile/81100355192,['University of Salerno'],['Italy'],Italy,Europe
Gennaro Costagliola,https://dl.acm.org/profile/81100149457,"['University of Salerno', 'IEEE']","['Italy', 'United States']",Italy,Europe
Fabrizio Torre,https://dl.acm.org/profile/82458760257,['University of Salerno'],['Italy'],Italy,Europe
Waihou Ao,https://dl.acm.org/profile/82458612157,['University of Macau'],['Macao'],Macao,Asia
Mattia de Rosa,https://dl.acm.org/profile/82459058457,['University of Salerno'],['Italy'],Italy,Europe
Andrew Fish,https://dl.acm.org/profile/81339499356,['University of Brighton'],['United Kingdom'],United Kingdom,Europe
Vittorio Fuccella,https://dl.acm.org/profile/81315488598,['University of Salerno'],['Italy'],Italy,Europe
Chenxi Li,https://dl.acm.org/profile/82459181257,['Nanjing University'],['China'],China,Asia
Yejia Zhang,https://dl.acm.org/profile/82458777657,['Nanjing University'],['China'],China,Asia
Tianyang Liu,https://dl.acm.org/profile/82459145257,['University of Tours'],['France'],France,Europe
Fatma Bouali,https://dl.acm.org/profile/81339491153,"['University of Lille', 'University of Tours']","['France', 'France']",France,Europe
Gilles Venturini,https://dl.acm.org/profile/81100271205,"['University of Tours', 'Paris-Sud University']","['France', 'France']",France,Europe
William Plant,https://dl.acm.org/profile/81453651594,['Aston University'],['United Kingdom'],United Kingdom,Europe
Gerald Schaefer,https://dl.acm.org/profile/81324493315,"['Loughborough University', 'Aston University', 'Nottingham Trent University', 'University of East Anglia']","['United Kingdom', 'United Kingdom', 'United Kingdom', 'United Kingdom']",United Kingdom,Europe
Xiangxu Meng,https://dl.acm.org/profile/81322501374,"['Shandong University', 'Ministry of Education China']","['China', 'China']",China,Asia
Xiaoting Bi,https://dl.acm.org/profile/82459232057,['Shandong University'],['China'],China,Asia
Shenghui Cheng,https://dl.acm.org/profile/81540747756,['Shandong University'],['China'],China,Asia
Gerry Derksen,https://dl.acm.org/profile/82459188557,['Winthrop University'],['United States'],United States,North America
Stan Ruecker,https://dl.acm.org/profile/81363600690,"['University of Illinois Urbana-Champaign', 'IIT Research Institute', 'University of Alberta']","['United States', 'United States', 'Canada']",United States,North America
Tim Causer,https://dl.acm.org/profile/82458635157,['University College London'],['United Kingdom'],United Kingdom,Europe
Melissa M Terras,https://dl.acm.org/profile/81548023973,"['The University of Edinburgh', 'University College London']","['United Kingdom', 'United Kingdom']",United Kingdom,Europe
Yingqing Xu,https://dl.acm.org/profile/99659643290,['Tsinghua University'],['China'],China,Asia
Michelle Xue Zhou,https://dl.acm.org/profile/81100264735,"['Utah State University', 'IBM Research - Almaden', 'IBM Research', 'International Business Machines']","['United States', 'United States', 'United States', 'United States']",United States,North America
Jing Fan,https://dl.acm.org/profile/81388592076,"['Zhejiang University of Technology', 'College of Computer Science and Technology, Zhejiang University']","['China', 'China']",China,Asia
Xiaoying Shi,https://dl.acm.org/profile/81508690581,['Zhejiang University of Technology'],['China'],China,Asia
Zhan Zhou,https://dl.acm.org/profile/81549289956,['Zhejiang University of Technology'],['China'],China,Asia
Ying Tang,https://dl.acm.org/profile/81388598707,['Zhejiang University of Technology'],['China'],China,Asia
Xiaoping Fan,https://dl.acm.org/profile/81339498581,"['Central South University', 'Hunan University of Finance and Economics']","['China', 'China']",China,Asia
Ruobo Xin,https://dl.acm.org/profile/81549340856,['Shandong University'],['China'],China,Asia
Dongxu Duan,https://dl.acm.org/profile/81548713556,"['IBM Research - China', 'IBM China Company Limited']","['China', 'China']",China,Asia
Weihong Qian,https://dl.acm.org/profile/81442597296,"['IBM China Company Limited', 'IBM Research - China', 'IBM Research']","['China', 'China', 'United States']",China,Asia
Shimei Pan,https://dl.acm.org/profile/81100484491,"['University of Maryland, College Park (UMD)', 'University of Maryland, Baltimore County (UMBC)']","['United States', 'United States']",United States,North America
Lei Shi,https://dl.acm.org/profile/99659747465,"['Institute of Software Chinese Academy of Sciences', 'Chinese Academy of Sciences']","['China', 'China']",China,Asia
Chuang Lin,https://dl.acm.org/profile/99659739027,"['Tsinghua University', 'Tsinghua National Laboratory for Information Science and Technology']","['China', 'China']",China,Asia
Jared Shenson,https://dl.acm.org/profile/81549326956,['Vanderbilt University'],['United States'],United States,North America
Alark Joshi,https://dl.acm.org/profile/81504684109,['Boise State University'],['United States'],United States,North America
Xiaojuan Liu,https://dl.acm.org/profile/81548522456,['Beijing Normal University'],['China'],China,Asia
Xia Lin,https://dl.acm.org/profile/81100220220,"['Drexel University', 'University of Maryland, College Park (UMD)', 'Pace University']","['United States', 'United States', 'United States']",United States,North America
Tuannhon Dang,https://dl.acm.org/profile/81474659807,['University of Illinois at Chicago'],['United States'],United States,North America
Leland K Wilkinson,https://dl.acm.org/profile/81100304143,"['University of Illinois at Chicago', 'Northwestern University']","['United States', 'United States']",United States,North America
Li Yu,https://dl.acm.org/profile/81548739656,['The University of North Carolina at Charlotte'],['United States'],United States,North America
Jiawan Zhang,https://dl.acm.org/profile/81453614419,['Tianjin University'],['China'],China,Asia
Peng Ye,https://dl.acm.org/profile/99659918096,['Soochow University'],['China'],China,Asia
Chenming Pang,https://dl.acm.org/profile/81549269856,['East China Normal University'],['China'],China,Asia
Roy Chi Kit Chan,https://dl.acm.org/profile/81548735956,['University of Macau'],['Macao'],Macao,Asia
Kewei Yang,https://dl.acm.org/profile/81548349256,['Nanjing University'],['China'],China,Asia
Jie Zhou,https://dl.acm.org/profile/81549407256,['Nanjing University'],['China'],China,Asia
Yi Li,https://dl.acm.org/profile/99659380172,['Nanjing University'],['China'],China,Asia
Xianlin Hu,https://dl.acm.org/profile/81467663707,['The University of North Carolina at Charlotte'],['United States'],United States,North America
Lane T Harrison,https://dl.acm.org/profile/81435599709,"['Worcester Polytechnic Institute', 'Tufts University', 'The University of North Carolina at Charlotte']","['United States', 'United States', 'United States']",United States,North America
Huaguang Song,https://dl.acm.org/profile/81548355456,"['University of the Pacific, California']",['United States'],United States,North America
Jinzhu Gao,https://dl.acm.org/profile/81100132506,"['University of the Pacific, California', 'University of Minnesota System', 'Oak Ridge National Laboratory', 'IEEE', 'The Ohio State University']","['United States', 'United States', 'United States', 'United States', 'United States']",United States,North America
Jiang Jian,https://dl.acm.org/profile/81548996956,['Tsinghua University'],['China'],China,Asia
Guanmin Liu,https://dl.acm.org/profile/81548461556,['Tsinghua University'],['China'],China,Asia
Chuncheng Lin,https://dl.acm.org/profile/81100227371,"['National Yang Ming Chiao Tung University', 'National Chiao Tung University Taiwan', 'University of Taipei']","['Taiwan', 'Taiwan', 'Taiwan']",Taiwan,
Xiaoyu Wang,https://dl.acm.org/profile/81467645327,['The University of North Carolina at Charlotte'],['United States'],United States,North America
Eric A. Bier,https://dl.acm.org/profile/81100084142,"['Palo Alto Research Center Incorporated', 'University of California, Berkeley']","['United States', 'United States']",United States,North America
Thomas James Butkiewicz,https://dl.acm.org/profile/81367590837,"['University System of New Hampshire', 'University of New Hampshire Durham', 'The University of North Carolina at Charlotte']","['United States', 'United States', 'United States']",United States,North America
William Ribarsky,https://dl.acm.org/profile/81100028256,"['The University of North Carolina at Charlotte', 'IEEE', 'Georgia Institute of Technology', 'Georgia Tech Research Institute']","['United States', 'United States', 'United States', 'United States']",United States,North America
Wenwen Dou,https://dl.acm.org/profile/81414604610,['The University of North Carolina at Charlotte'],['United States'],United States,North America
Cheongiao Pang,https://dl.acm.org/profile/81466645302,['University of Macau'],['Macao'],Macao,Asia
Felix Hon Hou Cheang,https://dl.acm.org/profile/81487645436,['University of Macau'],['Macao'],Macao,Asia
Takashi Yuki,https://dl.acm.org/profile/81487644992,['University of Tsukuba'],['Japan'],Japan,Asia
Zhirong Zeng,https://dl.acm.org/profile/81542207356,['Chinese Academy of Sciences'],['China'],China,Asia
Kun Wang,https://dl.acm.org/profile/81487643126,['Beijing Jiaotong University'],['China'],China,Asia
Dongxing Teng,https://dl.acm.org/profile/81384607002,"['Institute of Software Chinese Academy of Sciences', 'Chinese Academy of Sciences']","['China', 'China']",China,Asia
Yuri Saito,https://dl.acm.org/profile/81487645949,['Ochanomizu University'],['Japan'],Japan,Asia
Yasuhiko Sota,https://dl.acm.org/profile/81487652857,['Shimane University'],['Japan'],Japan,Asia
Keisuke Yamamoto,https://dl.acm.org/profile/81487646379,['Shimane University'],['Japan'],Japan,Asia
Souichiro Doi,https://dl.acm.org/profile/81487643213,,,,
Yasuhisa Yamamoto,https://dl.acm.org/profile/81487645665,,,,
Anna Wu,https://dl.acm.org/profile/81430655874,"['Pennsylvania State University', 'Tsinghua University']","['United States', 'China']",United States,North America
Xin Yan,https://dl.acm.org/profile/81487647520,['Pennsylvania State University'],['United States'],United States,North America
Xiaolong(Luke) Zhang,https://dl.acm.org/profile/81316491376,"['Pennsylvania State University', 'Taiyuan University of Technology', 'Drexel University', 'The University of Arizona']","['United States', 'China', 'United States', 'United States']",United States,North America
Feng Tian,https://dl.acm.org/profile/81100106876,"['Institute of Software Chinese Academy of Sciences', 'Chinese Academy of Sciences']","['China', 'China']",China,Asia
Xiang Cao,https://dl.acm.org/profile/81100130420,"['Lenovo Group, China', 'Microsoft Research Asia', 'Microsoft Research', 'Microsoft Research Cambridge', 'University of Delaware']","['China', 'China', 'United States', 'United Kingdom', 'United States']",China,Asia
Fei Lyu,https://dl.acm.org/profile/81484645699,"['Beijing University of Posts and Telecommunications', 'Institute of Software Chinese Academy of Sciences']","['China', 'China']",China,Asia
Philip Trevor Cox,https://dl.acm.org/profile/81408600520,"['Dalhousie University', 'University of Waterloo']","['Canada', 'Canada']",Canada,North America
Simon Gauvin,https://dl.acm.org/profile/81100654649,['Dalhousie University'],['Canada'],Canada,North America
Jian Shi,https://dl.acm.org/profile/81487652078,['Chinese Academy of Sciences'],['China'],China,Asia
Ying Qiao,https://dl.acm.org/profile/81550008956,"['Institute of Software Chinese Academy of Sciences', 'Chinese Academy of Sciences']","['China', 'China']",China,Asia
Yi Zhang,https://dl.acm.org/profile/81487649595,['Tianjin University'],['China'],China,Asia
Lei Fu,https://dl.acm.org/profile/81467659085,['Tianjin University'],['China'],China,Asia
Qinghui Guo,https://dl.acm.org/profile/81487640674,['Tianjin University'],['China'],China,Asia
Jie Hao,https://dl.acm.org/profile/81418594635,['The University of Texas at Dallas'],['United States'],United States,North America
Jiansu Pu,https://dl.acm.org/profile/81487651695,['Hong Kong University of Science and Technology'],['Hong Kong'],Hong Kong,Asia
Weiwei Cui,https://dl.acm.org/profile/81100228981,"['Microsoft Research Asia', 'Microsoft Research', 'Hong Kong University of Science and Technology']","['China', 'United States', 'Hong Kong']",China,Asia
Siyuan Liu,https://dl.acm.org/profile/88159345257,"['Carnegie Mellon University', 'Pennsylvania State University', 'Penn State Smeal College of Business']","['United States', 'United States', 'United States']",United States,North America
Lionel Ming Shuan Ni,https://dl.acm.org/profile/81100358196,"['Hong Kong University of Science and Technology', 'University of Macau', 'Shanghai Jiao Tong University']","['Hong Kong', 'Macao', 'China']",Hong Kong,Asia
Yu Su,https://dl.acm.org/profile/81479650318,['Southern Methodist University'],['United States'],United States,North America
Margaret H Dunham,https://dl.acm.org/profile/81409595451,"['Southern Methodist University', 'University of Virginia']","['United States', 'United States']",United States,North America
Liang Gou,https://dl.acm.org/profile/81502758188,"['Bosch Research and Technology Center', 'Visa Inc.', 'IBM Research - Almaden', 'Pennsylvania State University']","['United States', 'United States', 'United States', 'United States']",United States,North America
Fang You,https://dl.acm.org/profile/81351599219,['Sun Yat-Sen University'],['China'],China,Asia
Jun Guo,https://dl.acm.org/profile/81487643456,['Sun Yat-Sen University'],['China'],China,Asia
Luqi Wu,https://dl.acm.org/profile/81487650203,['Sun Yat-Sen University'],['China'],China,Asia
SuTe Lei,https://dl.acm.org/profile/81100482168,['The University of Texas at Dallas'],['United States'],United States,North America
James D Hollan,https://dl.acm.org/profile/81332504463,"['University of California, San Diego', 'University of Maryland, College Park (UMD)']","['United States', 'United States']",United States,North America
Ben Bederson,https://dl.acm.org/profile/81100083927,"['University of Maryland, College Park (UMD)', 'RISE, Swedish Institute of Computer Science']","['United States', 'Sweden']",United States,North America
CÉcile Laurance Paris,https://dl.acm.org/profile/81100495902,"['CSIRO Data61', 'Macquarie University', 'Commonwealth Scientific and Industrial Research Organization']","['Australia', 'Australia', 'Australia']",Australia,Oceania
Shengfeng Qin,https://dl.acm.org/profile/81100549711,"['Northumbria University', 'Brunel University London']","['United Kingdom', 'United Kingdom']",United Kingdom,Europe
Shaorong Wang,https://dl.acm.org/profile/81470646542,['Peking University'],['China'],China,Asia
Yisong Chen,https://dl.acm.org/profile/99659385433,['Peking University'],['China'],China,Asia
Guoping Wang,https://dl.acm.org/profile/81100213064,"['Peking University', 'Central China Normal University']","['China', 'China']",China,Asia
Miaomiao Li,https://dl.acm.org/profile/81470649191,['Shandong University'],['China'],China,Asia
Yan Huang,https://dl.acm.org/profile/99659592332,['Shandong University'],['China'],China,Asia
Shenfang Li,https://dl.acm.org/profile/81470648115,['Shandong University'],['China'],China,Asia
Ye Yuan,https://dl.acm.org/profile/81470641837,['Beijing Normal University'],['China'],China,Asia
Zhongke Wu,https://dl.acm.org/profile/81440595151,"['Beijing Normal University', 'Ministry of Education China', 'Nanyang Technological University']","['China', 'China', 'Singapore']",China,Asia
Jing Zhao,https://dl.acm.org/profile/81470647974,,,,
Sheng Li,,['Peking University'],['China'],China,Asia
Lei Tang,https://dl.acm.org/profile/81456623039,['Shandong University'],['China'],China,Asia
Xueqing Li,https://dl.acm.org/profile/81460647035,['Shandong University'],['China'],China,Asia
Wenjing Qi,https://dl.acm.org/profile/99659630057,['Shandong University'],['China'],China,Asia
Anh Dang,https://dl.acm.org/profile/81314488396,['Dalhousie University'],['Canada'],Canada,North America
Jiayao Chen,https://dl.acm.org/profile/81470649413,['Shandong University'],['China'],China,Asia
Xueqing Li,https://dl.acm.org/profile/99659399355,['Shandong University'],['China'],China,Asia
Jingzhao Yang,https://dl.acm.org/profile/81470641040,['Shandong University'],['China'],China,Asia
J Joshua Thomas,https://dl.acm.org/profile/81440610062,['UOW Malaysia KDU College'],['Malaysia'],Malaysia,Asia
Choychee Ken,https://dl.acm.org/profile/81470645933,['UOW Malaysia KDU College'],['Malaysia'],Malaysia,Asia
Xiongfei Luo,https://dl.acm.org/profile/81460642808,"['Chinese Academy of Sciences', 'Institute of Software Chinese Academy of Sciences']","['China', 'China']",China,Asia
Wei Liu,https://dl.acm.org/profile/81418594973,"['Chinese Academy of Sciences', 'Institute of Software Chinese Academy of Sciences']","['China', 'China']",China,Asia
Shijian Lu,https://dl.acm.org/profile/99659619706,['CSIRO Ict Centre'],['Australia'],Australia,Oceania
Shaoke Zhang,https://dl.acm.org/profile/81430627791,['Pennsylvania State University'],['United States'],United States,North America
Jing Wang,https://dl.acm.org/profile/81470645182,['Pennsylvania State University'],['United States'],United States,North America
Hirofumi Miyamoto,https://dl.acm.org/profile/81470647019,['Shimane University'],['Japan'],Japan,Asia
Tatman Cheong,https://dl.acm.org/profile/81470654406,['University of Macau'],['Macao'],Macao,Asia
Yain Whar Si,https://dl.acm.org/profile/81100394289,"['University of Macau', 'Queensland University of Technology']","['Macao', 'Australia']",Macao,Asia
Guoray Cai,https://dl.acm.org/profile/81100429353,['Pennsylvania State University'],['United States'],United States,North America
Yngve S Kristiansen,https://dl.acm.org/profile/99660262783,['University of Bergen'],['Norway'],Norway,Europe
Laura A Garrison,https://dl.acm.org/profile/81438597240,['University of Bergen'],['Norway'],Norway,Europe
Stefan Bruckner,https://dl.acm.org/profile/81100294147,"['University of Bergen', 'King Abdullah University of Science and Technology', 'Vienna University of Technology', 'Simon Fraser University']","['Norway', 'Saudi Arabia', 'Austria', 'Canada']",Norway,Europe
Zhenbao Fan,https://dl.acm.org/profile/99659201074,"['The University of Texas at Dallas', 'Tianjin University']","['United States', 'China']",United States,North America
Yixuan Zhu,https://dl.acm.org/profile/99660626204,['China University of Mining and Technology'],['China'],China,Asia
Christine Yan,https://dl.acm.org/profile/99660628227,['University of Pennsylvania'],['United States'],United States,North America
Yufan Li,https://dl.acm.org/profile/99660629158,['Hong Kong University of Science and Technology'],['Hong Kong'],Hong Kong,Asia
Kang Zhang,https://dl.acm.org/profile/99660626111,['Hong Kong University of Science and Technology'],['Hong Kong'],Hong Kong,Asia
Hongzhi Zhu,https://dl.acm.org/profile/99660543689,['The University of British Columbia'],['Canada'],Canada,North America
Septimiu Edmund Salcudean,https://dl.acm.org/profile/81100239077,"['The University of British Columbia', 'University of California, Berkeley']","['Canada', 'United States']",Canada,North America
Robert N Rohling,https://dl.acm.org/profile/81100291054,['The University of British Columbia'],['Canada'],Canada,North America
Peter Schaefer,https://dl.acm.org/profile/99660629942,['University of Konstanz'],['Germany'],Germany,Europe
Sabine Storandt,https://dl.acm.org/profile/81493658660,"['University of Konstanz', 'Julius-Maximilian University of Würzburg', 'University of Freiburg', 'University of Stuttgart']","['Germany', 'Germany', 'Germany', 'Germany']",Germany,Europe
Michael Becher,https://dl.acm.org/profile/81414600759,['University of Stuttgart'],['Germany'],Germany,Europe
Moritz Heinemann,https://dl.acm.org/profile/99659344838,['University of Stuttgart'],['Germany'],Germany,Europe
Thomas Marmann,https://dl.acm.org/profile/99660628660,['University of Stuttgart'],['Germany'],Germany,Europe
Franziska Huth,https://dl.acm.org/profile/82258913557,"['University of Stuttgart', 'Saarland University']","['Germany', 'Germany']",Germany,Europe
Tanja Blascheck,https://dl.acm.org/profile/83458713657,"['University of Stuttgart', 'Paris-Saclay University']","['Germany', 'France']",Germany,Europe
Steffen Koch,https://dl.acm.org/profile/81436599209,['University of Stuttgart'],['Germany'],Germany,Europe
Eric Mörth,https://dl.acm.org/profile/99659982875,['University of Bergen'],['Norway'],Norway,Europe
Tanja Eichner,https://dl.acm.org/profile/99660627923,['Helse Bergen Haukeland University Hospital'],['Norway'],Norway,Europe
Ingfrid S Haldorsen,https://dl.acm.org/profile/99659982427,"['University of Bergen', 'Helse Bergen Haukeland University Hospital']","['Norway', 'Norway']",Norway,Europe
Noeska N Smit,https://dl.acm.org/profile/99658770659,"['University of Bergen', 'Delft University of Technology']","['Norway', 'Netherlands']",Norway,Europe
Indre Tauroseviciute,https://dl.acm.org/profile/99660629514,['Eindhoven University of Technology'],['Netherlands'],Netherlands,Europe
Guillermo Mateos Guridi,https://dl.acm.org/profile/99660629108,['Eindhoven University of Technology'],['Netherlands'],Netherlands,Europe
Mark Alan Livingston,https://dl.acm.org/profile/81100365560,"['Naval Research Laboratory', 'The University of North Carolina at Chapel Hill']","['DC', 'United States']",DC,
Derek P Brock,https://dl.acm.org/profile/81100455302,['Naval Research Laboratory'],['DC'],DC,
Sarah Dosdall,https://dl.acm.org/profile/99660628528,['University of Stuttgart'],['Germany'],Germany,Europe
Katrin Angerbauer,https://dl.acm.org/profile/99658703665,['University of Stuttgart'],['Germany'],Germany,Europe
Leonel Merino,https://dl.acm.org/profile/99659082618,"['Pontifical Catholic University of Chile', 'University of Stuttgart', 'University of Bern']","['Chile', 'Germany', 'Switzerland']",Chile,South America
Patrick Gebhardt,https://dl.acm.org/profile/99660626169,['University of Stuttgart'],['Germany'],Germany,Europe
Xingyao Yu,https://dl.acm.org/profile/99659529527,['University of Stuttgart'],['Germany'],Germany,Europe
Andreas Köhn,https://dl.acm.org/profile/99660626347,['University of Stuttgart'],['Germany'],Germany,Europe
Yves Staudt,https://dl.acm.org/profile/99659635934,['University of Applied Sciences of the Grisons'],['Switzerland'],Switzerland,Europe
Alexander van Schie,https://dl.acm.org/profile/99660486149,['University of Applied Sciences of the Grisons'],['Switzerland'],Switzerland,Europe
Heiko Rölke,https://dl.acm.org/profile/99660627909,['University of Applied Sciences of the Grisons'],['Switzerland'],Switzerland,Europe
Tim Cech,https://dl.acm.org/profile/99660544079,"['Hasso Plattner Institute for Digital Engineering gGmbH', 'University of Potsdam']","['Germany', 'Germany']",Germany,Europe
Bruno Frey,https://dl.acm.org/profile/99660628797,['University of Applied Sciences of the Grisons'],['Switzerland'],Switzerland,Europe
Giada Zacheo,https://dl.acm.org/profile/99660628247,['University of Applied Sciences of the Grisons'],['Switzerland'],Switzerland,Europe
Yannis Panagis,https://dl.acm.org/profile/81100493586,"['University of Copenhagen', 'University of Patras', 'Research Academic Computer Technology Institute, Patras']","['Denmark', 'Greece', 'Greece']",Denmark,Europe
Robert Spence,https://dl.acm.org/profile/81100397330,['Imperial College London'],['United Kingdom'],United Kingdom,Europe
Sabrina Zahner,https://dl.acm.org/profile/99660629076,['University of Applied Sciences of the Grisons'],['Switzerland'],Switzerland,Europe
