institution1,institution2,paper_doi,date
University of Stuttgart,University of Stuttgart,10.1145/3481549.3481569,2021
University of Stuttgart,Shenzhen Institute of Advanced Technology,10.1145/3481549.3481569,2021
University of Stuttgart,Shandong University,10.1145/3481549.3481569,2021
Shenzhen Institute of Advanced Technology,Shenzhen Institute of Advanced Technology,10.1145/3481549.3481569,2021
Shenzhen Institute of Advanced Technology,Shandong University,10.1145/3481549.3481569,2021
Shandong University,Shandong University,10.1145/3481549.3481569,2021
Ochanomizu University,Ochanomizu University,10.1145/3481549.3481553,2021
Linnaeus University  Kalmar,Linnaeus University  Kalmar,10.1145/3481549.3481557,2021
Linnaeus University  Kalmar,Linnaeus University  Växjö,10.1145/3481549.3481557,2021
Linnaeus University  Växjö,Linnaeus University  Växjö,10.1145/3481549.3481557,2021
Mercedes Benz Cars,Mercedes Benz Cars,10.1145/3481549.3481563,2021
Mercedes Benz Cars,University of Stuttgart,10.1145/3481549.3481563,2021
Mercedes Benz Cars,Stuttgart Media University,10.1145/3481549.3481563,2021
University of Stuttgart,University of Stuttgart,10.1145/3481549.3481563,2021
University of Stuttgart,Stuttgart Media University,10.1145/3481549.3481563,2021
Stuttgart Media University,Stuttgart Media University,10.1145/3481549.3481563,2021
Hasso Plattner Institute for Digital Engineering gGmbH,Hasso Plattner Institute for Digital Engineering gGmbH,10.1145/3481549.3481568,2021
Hasso Plattner Institute for Digital Engineering gGmbH,University of Potsdam,10.1145/3481549.3481568,2021
University of Potsdam,University of Potsdam,10.1145/3481549.3481568,2021
Hasso Plattner Institute for Digital Engineering gGmbH,Hasso Plattner Institute for Digital Engineering gGmbH,10.1145/3481549.3481570,2021
Hasso Plattner Institute for Digital Engineering gGmbH,University of Potsdam,10.1145/3481549.3481570,2021
University of Potsdam,University of Potsdam,10.1145/3481549.3481570,2021
Harvard Medical School,Harvard Medical School,10.1145/3481549.3481562,2021
Harvard Medical School,Stony Brook University,10.1145/3481549.3481562,2021
Harvard Medical School,University of Applied Sciences Western Switzerland,10.1145/3481549.3481562,2021
Stony Brook University,Stony Brook University,10.1145/3481549.3481562,2021
Stony Brook University,University of Applied Sciences Western Switzerland,10.1145/3481549.3481562,2021
University of Applied Sciences Western Switzerland,University of Applied Sciences Western Switzerland,10.1145/3481549.3481562,2021
Queen Mary University of London,Queen Mary University of London,10.1145/3481549.3481560,2021
UNSW Sydney,UNSW Sydney,10.1145/3481549.3481556,2021
UNSW Sydney,Monash University,10.1145/3481549.3481556,2021
UNSW Sydney,Epicentre,10.1145/3481549.3481556,2021
Monash University,Monash University,10.1145/3481549.3481556,2021
Monash University,Epicentre,10.1145/3481549.3481556,2021
Epicentre,Epicentre,10.1145/3481549.3481556,2021
Universidad El Bosque,Universidad El Bosque,10.1145/3481549.3481554,2021
Universidad El Bosque,University of the Andes  Colombia,10.1145/3481549.3481554,2021
University of the Andes  Colombia,University of the Andes  Colombia,10.1145/3481549.3481554,2021
St. Polten University of Applied Sciences,St. Polten University of Applied Sciences,10.1145/3481549.3481558,2021
St. Polten University of Applied Sciences,Johannes Kepler University Linz,10.1145/3481549.3481558,2021
Johannes Kepler University Linz,Johannes Kepler University Linz,10.1145/3481549.3481558,2021
The University of North Carolina at Charlotte,The University of North Carolina at Charlotte,10.1145/3481549.3481564,2021
Ochanomizu University,Ochanomizu University,10.1145/3481549.3481555,2021
Ochanomizu University,Monash University,10.1145/3481549.3481555,2021
Ochanomizu University,Toyohashi University of Technology,10.1145/3481549.3481555,2021
Monash University,Monash University,10.1145/3481549.3481555,2021
Monash University,Toyohashi University of Technology,10.1145/3481549.3481555,2021
Toyohashi University of Technology,Toyohashi University of Technology,10.1145/3481549.3481555,2021
University of Trier,University of Trier,10.1145/3481549.3481566,2021
University of Helsinki,University of Helsinki,10.1145/3481549.3481565,2021
University of Helsinki,University of Copenhagen,10.1145/3481549.3481565,2021
University of Copenhagen,University of Copenhagen,10.1145/3481549.3481565,2021
University of Applied Sciences Western Switzerland,University of Applied Sciences Western Switzerland,10.1145/3481549.3481550,2021
University of Applied Sciences Western Switzerland,Johannes Kepler University Linz,10.1145/3481549.3481550,2021
University of Applied Sciences Western Switzerland,Eindhoven University of Technology,10.1145/3481549.3481550,2021
Johannes Kepler University Linz,Johannes Kepler University Linz,10.1145/3481549.3481550,2021
Johannes Kepler University Linz,Eindhoven University of Technology,10.1145/3481549.3481550,2021
Eindhoven University of Technology,Eindhoven University of Technology,10.1145/3481549.3481550,2021
Litoral Polytechnic School,Litoral Polytechnic School,10.1145/3481549.3481571,2021
University of Potsdam,University of Potsdam,10.1145/3481549.3481573,2021
University of Potsdam,Hasso Plattner Institute for Digital Engineering gGmbH,10.1145/3481549.3481573,2021
Hasso Plattner Institute for Digital Engineering gGmbH,Hasso Plattner Institute for Digital Engineering gGmbH,10.1145/3481549.3481573,2021
Litoral Polytechnic School,Litoral Polytechnic School,10.1145/3481549.3481572,2021
Reutlingen University,Reutlingen University,10.1145/3481549.3481559,2021
NC State University,NC State University,10.1145/3481549.3481567,2021
East China Normal University,East China Normal University,10.1145/3481549.3481551,2021
School of Aeronautics and Astronautics  Zhejiang University,School of Aeronautics and Astronautics  Zhejiang University,10.1145/3481549.3481552,2021
School of Aeronautics and Astronautics  Zhejiang University,Zhejiang University,10.1145/3481549.3481552,2021
Zhejiang University,Zhejiang University,10.1145/3481549.3481552,2021
University of Applied Sciences Western Switzerland,University of Applied Sciences Western Switzerland,10.1145/3481549.3481561,2021
University of Potsdam,University of Potsdam,10.1145/3430036.3430041,2020
University of Potsdam,Hasso Plattner Institute for Digital Engineering gGmbH,10.1145/3430036.3430041,2020
Hasso Plattner Institute for Digital Engineering gGmbH,Hasso Plattner Institute for Digital Engineering gGmbH,10.1145/3430036.3430041,2020
University of Potsdam,University of Potsdam,10.1145/3430036.3430054,2020
University of Potsdam,Hasso Plattner Institute for Digital Engineering gGmbH,10.1145/3430036.3430054,2020
Hasso Plattner Institute for Digital Engineering gGmbH,Hasso Plattner Institute for Digital Engineering gGmbH,10.1145/3430036.3430054,2020
University of Applied Sciences Western Switzerland,University of Applied Sciences Western Switzerland,10.1145/3430036.3430037,2020
University of Applied Sciences Western Switzerland,Eindhoven University of Technology,10.1145/3430036.3430037,2020
Eindhoven University of Technology,Eindhoven University of Technology,10.1145/3430036.3430037,2020
State Key Lab of CAD&CG  Zhejiang University,State Key Lab of CAD&CG  Zhejiang University,10.1145/3356422.3356433,2019
Hangzhou Dianzi University,Hangzhou Dianzi University,10.1145/3356422.3356440,2019
Sejong University,Sejong University,10.1145/3356422.3356439,2019
Birla Institute of Technology and Science  Pilani,Birla Institute of Technology and Science  Pilani,10.1145/3231622.3231624,2018
Birla Institute of Technology and Science  Pilani,University of Montpellier,10.1145/3231622.3231624,2018
Birla Institute of Technology and Science  Pilani,Territoires  Environnement  Télédétection et Information Spatiale,10.1145/3231622.3231624,2018
University of Montpellier,University of Montpellier,10.1145/3231622.3231624,2018
University of Montpellier,Territoires  Environnement  Télédétection et Information Spatiale,10.1145/3231622.3231624,2018
Territoires  Environnement  Télédétection et Information Spatiale,Territoires  Environnement  Télédétection et Information Spatiale,10.1145/3231622.3231624,2018
Monash University,Monash University,10.1145/3231622.3231626,2018
Monash University,Swinburne University of Technology,10.1145/3231622.3231626,2018
Monash University,Deakin University,10.1145/3231622.3231626,2018
Monash University,Epicentre,10.1145/3231622.3231626,2018
Swinburne University of Technology,Swinburne University of Technology,10.1145/3231622.3231626,2018
Swinburne University of Technology,Deakin University,10.1145/3231622.3231626,2018
Swinburne University of Technology,Epicentre,10.1145/3231622.3231626,2018
Deakin University,Deakin University,10.1145/3231622.3231626,2018
Deakin University,Epicentre,10.1145/3231622.3231626,2018
Epicentre,Epicentre,10.1145/3231622.3231626,2018
East China Normal University,East China Normal University,10.1145/3231622.3231627,2018
The University of Utah,The University of Utah,10.1145/3231622.3231628,2018
The University of Utah,University of Stuttgart,10.1145/3231622.3231628,2018
University of Stuttgart,University of Stuttgart,10.1145/3231622.3231628,2018
University of Applied Sciences Western Switzerland,University of Applied Sciences Western Switzerland,10.1145/3231622.3231635,2018
University of Applied Sciences Western Switzerland,University of Stuttgart,10.1145/3231622.3231635,2018
University of Stuttgart,University of Stuttgart,10.1145/3231622.3231635,2018
The University of Texas at Dallas,The University of Texas at Dallas,10.1145/3231622.3231637,2018
The University of Texas at Dallas,Hohai University,10.1145/3231622.3231637,2018
The University of Texas at Dallas,Tianjin University,10.1145/3231622.3231637,2018
Hohai University,Hohai University,10.1145/3231622.3231637,2018
Hohai University,Tianjin University,10.1145/3231622.3231637,2018
Tianjin University,Tianjin University,10.1145/3231622.3231637,2018
Hasso Plattner Institute for Digital Engineering gGmbH,Hasso Plattner Institute for Digital Engineering gGmbH,10.1145/3231622.3231638,2018
Technion - Israel Institute of Technology,Technion - Israel Institute of Technology,10.1145/3231622.3231623,2018
Bielefeld University,Bielefeld University,10.1145/3231622.3231639,2018
Bielefeld University,Monash University,10.1145/3231622.3231639,2018
Bielefeld University,University of Konstanz,10.1145/3231622.3231639,2018
Bielefeld University,Royal College of Art,10.1145/3231622.3231639,2018
Monash University,Monash University,10.1145/3231622.3231639,2018
Monash University,University of Konstanz,10.1145/3231622.3231639,2018
Monash University,Royal College of Art,10.1145/3231622.3231639,2018
University of Konstanz,University of Konstanz,10.1145/3231622.3231639,2018
University of Konstanz,Royal College of Art,10.1145/3231622.3231639,2018
Royal College of Art,Royal College of Art,10.1145/3231622.3231639,2018
University of Applied Sciences Western Switzerland,University of Applied Sciences Western Switzerland,10.1145/3231622.3231630,2018
Roma Tre University,Roma Tre University,10.1145/3231622.3231632,2018
Roma Tre University,University of Pisa,10.1145/3231622.3231632,2018
University of Pisa,University of Pisa,10.1145/3231622.3231632,2018
University of Applied Sciences Western Switzerland,University of Applied Sciences Western Switzerland,10.1145/3231622.3231633,2018
University of Applied Sciences Western Switzerland,Reutlingen University,10.1145/3231622.3231633,2018
Reutlingen University,Reutlingen University,10.1145/3231622.3231633,2018
Linnaeus University  Växjö,Linnaeus University  Växjö,10.1145/3231622.3231625,2018
Linnaeus University  Växjö,Linnaeus University  Växjö,10.1145/3231622.3231641,2018
Linnaeus University  Växjö,Linnaeus University  Växjö,10.1145/3231622.3232505,2018
Linnaeus University  Växjö,University of Potsdam,10.1145/3231622.3232505,2018
University of Potsdam,University of Potsdam,10.1145/3231622.3232505,2018
Linnaeus University  Växjö,Linnaeus University  Växjö,10.1145/3231622.3232508,2018
Linnaeus University  Växjö,Blekinge Institute of Technology,10.1145/3231622.3232508,2018
Linnaeus University  Växjö,Lund University,10.1145/3231622.3232508,2018
Linnaeus University  Växjö,Linnaeus University  Kalmar,10.1145/3231622.3232508,2018
Linnaeus University  Växjö,Linköping University,10.1145/3231622.3232508,2018
Blekinge Institute of Technology,Blekinge Institute of Technology,10.1145/3231622.3232508,2018
Blekinge Institute of Technology,Lund University,10.1145/3231622.3232508,2018
Blekinge Institute of Technology,Linnaeus University  Kalmar,10.1145/3231622.3232508,2018
Blekinge Institute of Technology,Linköping University,10.1145/3231622.3232508,2018
Lund University,Lund University,10.1145/3231622.3232508,2018
Lund University,Linnaeus University  Kalmar,10.1145/3231622.3232508,2018
Lund University,Linköping University,10.1145/3231622.3232508,2018
Linnaeus University  Kalmar,Linnaeus University  Kalmar,10.1145/3231622.3232508,2018
Linnaeus University  Kalmar,Linköping University,10.1145/3231622.3232508,2018
Linköping University,Linköping University,10.1145/3231622.3232508,2018
Linnaeus University  Kalmar,Linnaeus University  Kalmar,10.1145/3231622.3232506,2018
Linnaeus University  Kalmar,Linnaeus University  Växjö,10.1145/3231622.3232506,2018
Linnaeus University  Växjö,Linnaeus University  Växjö,10.1145/3231622.3232506,2018
Riken,Riken,10.1145/3231622.3232504,2018
Riken,Kyushu University,10.1145/3231622.3232504,2018
Kyushu University,Kyushu University,10.1145/3231622.3232504,2018
Shenzhen University,Shenzhen University,10.1145/3231622.3231634,2018
Mid Sweden University,Mid Sweden University,10.1145/3231622.3231636,2018
University of Applied Sciences Western Switzerland,University of Applied Sciences Western Switzerland,10.1145/3231622.3231629,2018
University of Applied Sciences Upper Austria  School of Informatics  Communications and Media,University of Applied Sciences Upper Austria  School of Informatics  Communications and Media,10.1145/3231622.3231640,2018
University of Applied Sciences Upper Austria  School of Informatics  Communications and Media,University of Applied Sciences Upper Austria  Wels,10.1145/3231622.3231640,2018
University of Applied Sciences Upper Austria  School of Informatics  Communications and Media,University of Lübeck,10.1145/3231622.3231640,2018
University of Applied Sciences Upper Austria  Wels,University of Applied Sciences Upper Austria  Wels,10.1145/3231622.3231640,2018
University of Applied Sciences Upper Austria  Wels,University of Lübeck,10.1145/3231622.3231640,2018
University of Lübeck,University of Lübeck,10.1145/3231622.3231640,2018
Ajou University,Ajou University,10.1145/3231622.3232507,2018
SAP AG,SAP AG,10.1145/3105971.3105972,2017
SAP AG,Dresden University of Applied Sciences,10.1145/3105971.3105972,2017
SAP AG,University of Applied Sciences Upper Austria  School of Informatics  Communications and Media,10.1145/3105971.3105972,2017
SAP AG,Technische Universität Dresden,10.1145/3105971.3105972,2017
Dresden University of Applied Sciences,Dresden University of Applied Sciences,10.1145/3105971.3105972,2017
Dresden University of Applied Sciences,University of Applied Sciences Upper Austria  School of Informatics  Communications and Media,10.1145/3105971.3105972,2017
Dresden University of Applied Sciences,Technische Universität Dresden,10.1145/3105971.3105972,2017
University of Applied Sciences Upper Austria  School of Informatics  Communications and Media,University of Applied Sciences Upper Austria  School of Informatics  Communications and Media,10.1145/3105971.3105972,2017
University of Applied Sciences Upper Austria  School of Informatics  Communications and Media,Technische Universität Dresden,10.1145/3105971.3105972,2017
Technische Universität Dresden,Technische Universität Dresden,10.1145/3105971.3105972,2017
Central South University,Central South University,10.1145/3105971.3105980,2017
Central South University,Beijing Technology and Business University,10.1145/3105971.3105980,2017
Beijing Technology and Business University,Beijing Technology and Business University,10.1145/3105971.3105980,2017
Hohai University,Hohai University,10.1145/3105971.3105983,2017
East China Normal University,East China Normal University,10.1145/3105971.3105986,2017
Sejong University,Sejong University,10.1145/3105971.3105975,2017
Sejong University,Yonsei University,10.1145/3105971.3105975,2017
Yonsei University,Yonsei University,10.1145/3105971.3105975,2017
University of Stuttgart,University of Stuttgart,10.1145/3105971.3105982,2017
University of Stuttgart,University of Applied Sciences Western Switzerland,10.1145/3105971.3105982,2017
University of Stuttgart,Fraunhofer Institute for Solar Energy Systems ISE,10.1145/3105971.3105982,2017
University of Applied Sciences Western Switzerland,University of Applied Sciences Western Switzerland,10.1145/3105971.3105982,2017
University of Applied Sciences Western Switzerland,Fraunhofer Institute for Solar Energy Systems ISE,10.1145/3105971.3105982,2017
Fraunhofer Institute for Solar Energy Systems ISE,Fraunhofer Institute for Solar Energy Systems ISE,10.1145/3105971.3105982,2017
Aalto University,Aalto University,10.1145/3105971.3105981,2017
Aalto University,University of Copenhagen,10.1145/3105971.3105981,2017
Aalto University,University of Helsinki,10.1145/3105971.3105981,2017
Aalto University,University of Tampere,10.1145/3105971.3105981,2017
University of Copenhagen,University of Copenhagen,10.1145/3105971.3105981,2017
University of Copenhagen,University of Helsinki,10.1145/3105971.3105981,2017
University of Copenhagen,University of Tampere,10.1145/3105971.3105981,2017
University of Helsinki,University of Helsinki,10.1145/3105971.3105981,2017
University of Helsinki,University of Tampere,10.1145/3105971.3105981,2017
University of Tampere,University of Tampere,10.1145/3105971.3105981,2017
Vienna University of Technology,Vienna University of Technology,10.1145/3105971.3105984,2017
University of Tsukuba,University of Tsukuba,10.1145/3105971.3105987,2017
University of Tsukuba,Fujitsu Ltd.,10.1145/3105971.3105987,2017
Fujitsu Ltd.,Fujitsu Ltd.,10.1145/3105971.3105987,2017
University of California  Santa Barbara,University of California  Santa Barbara,10.1145/3105971.3105990,2017
Tianjin University,Tianjin University,10.1145/3105971.3108443,2017
University of Toronto,University of Toronto,10.1145/3105971.3108447,2017
University of Toronto,King Mongkuts University of Technology Thonburi,10.1145/3105971.3108447,2017
King Mongkuts University of Technology Thonburi,King Mongkuts University of Technology Thonburi,10.1145/3105971.3108447,2017
University of Macau,University of Macau,10.1145/3105971.3108450,2017
The University of Texas at Dallas,The University of Texas at Dallas,10.1145/3105971.3108444,2017
The University of Texas at Dallas,Chinese Academy of Sciences,10.1145/3105971.3108444,2017
Chinese Academy of Sciences,Chinese Academy of Sciences,10.1145/3105971.3108444,2017
China Automotive Technology and Research Center Co. Ltd,China Automotive Technology and Research Center Co. Ltd,10.1145/3105971.3108442,2017
China Automotive Technology and Research Center Co. Ltd,Tianjin University,10.1145/3105971.3108442,2017
Tianjin University,Tianjin University,10.1145/3105971.3108442,2017
Ajou University,Ajou University,10.1145/3105971.3108445,2017
Ajou University,Seoul National University,10.1145/3105971.3108445,2017
Seoul National University,Seoul National University,10.1145/3105971.3108445,2017
King Mongkuts University of Technology Thonburi,King Mongkuts University of Technology Thonburi,10.1145/3105971.3108446,2017
King Mongkuts University of Technology Thonburi,Michigan State University,10.1145/3105971.3108446,2017
Michigan State University,Michigan State University,10.1145/3105971.3108446,2017
University of Toronto,University of Toronto,10.1145/3105971.3108448,2017
University of Toronto,King Mongkuts University of Technology Thonburi,10.1145/3105971.3108448,2017
King Mongkuts University of Technology Thonburi,King Mongkuts University of Technology Thonburi,10.1145/3105971.3108448,2017
East China Normal University,East China Normal University,10.1145/3105971.3105992,2017
King Mongkuts University of Technology Thonburi,King Mongkuts University of Technology Thonburi,10.1145/3105971.3108449,2017
University of Helsinki,University of Helsinki,10.1145/3105971.3105977,2017
University of Helsinki,University of Padova,10.1145/3105971.3105977,2017
University of Padova,University of Padova,10.1145/3105971.3105977,2017
Zhejiang University,Zhejiang University,10.1145/3105971.3105974,2017
Zhejiang University,The University of Texas at Dallas,10.1145/3105971.3105974,2017
Zhejiang University,State Key Lab of CAD&CG  Zhejiang University,10.1145/3105971.3105974,2017
The University of Texas at Dallas,The University of Texas at Dallas,10.1145/3105971.3105974,2017
The University of Texas at Dallas,State Key Lab of CAD&CG  Zhejiang University,10.1145/3105971.3105974,2017
State Key Lab of CAD&CG  Zhejiang University,State Key Lab of CAD&CG  Zhejiang University,10.1145/3105971.3105974,2017
University of Applied Sciences Western Switzerland,University of Applied Sciences Western Switzerland,10.1145/3105971.3105973,2017
University of Applied Sciences Western Switzerland,University of Applied Sciences Western Switzerland,10.1145/3105971.3105989,2017
University of Applied Sciences Western Switzerland,Reutlingen University,10.1145/3105971.3105989,2017
University of Applied Sciences Western Switzerland,University of Stuttgart,10.1145/3105971.3105989,2017
University of Applied Sciences Western Switzerland,Landshut University of Applied Sciences,10.1145/3105971.3105989,2017
University of Applied Sciences Western Switzerland,University of Oldenburg,10.1145/3105971.3105989,2017
Reutlingen University,Reutlingen University,10.1145/3105971.3105989,2017
Reutlingen University,University of Stuttgart,10.1145/3105971.3105989,2017
Reutlingen University,Landshut University of Applied Sciences,10.1145/3105971.3105989,2017
Reutlingen University,University of Oldenburg,10.1145/3105971.3105989,2017
University of Stuttgart,University of Stuttgart,10.1145/3105971.3105989,2017
University of Stuttgart,Landshut University of Applied Sciences,10.1145/3105971.3105989,2017
University of Stuttgart,University of Oldenburg,10.1145/3105971.3105989,2017
Landshut University of Applied Sciences,Landshut University of Applied Sciences,10.1145/3105971.3105989,2017
Landshut University of Applied Sciences,University of Oldenburg,10.1145/3105971.3105989,2017
University of Oldenburg,University of Oldenburg,10.1145/3105971.3105989,2017
University of Macau,University of Macau,10.1145/3105971.3105976,2017
University of Macau,School of Computing and Information Systems,10.1145/3105971.3105976,2017
School of Computing and Information Systems,School of Computing and Information Systems,10.1145/3105971.3105976,2017
University of Brighton,University of Brighton,10.1145/3105971.3105978,2017
University of Brighton,University of Kent,10.1145/3105971.3105978,2017
University of Kent,University of Kent,10.1145/3105971.3105978,2017
University of Applied Sciences Upper Austria  School of Informatics  Communications and Media,University of Applied Sciences Upper Austria  School of Informatics  Communications and Media,10.1145/3105971.3105979,2017
University of Applied Sciences Upper Austria  School of Informatics  Communications and Media,Dresden University of Applied Sciences,10.1145/3105971.3105979,2017
University of Applied Sciences Upper Austria  School of Informatics  Communications and Media,Technische Universität Dresden,10.1145/3105971.3105979,2017
University of Applied Sciences Upper Austria  School of Informatics  Communications and Media,Technical University of Munich,10.1145/3105971.3105979,2017
Dresden University of Applied Sciences,Dresden University of Applied Sciences,10.1145/3105971.3105979,2017
Dresden University of Applied Sciences,Technische Universität Dresden,10.1145/3105971.3105979,2017
Dresden University of Applied Sciences,Technical University of Munich,10.1145/3105971.3105979,2017
Technische Universität Dresden,Technische Universität Dresden,10.1145/3105971.3105979,2017
Technische Universität Dresden,Technical University of Munich,10.1145/3105971.3105979,2017
Technical University of Munich,Technical University of Munich,10.1145/3105971.3105979,2017
University of Brighton,University of Brighton,10.1145/3105971.3105988,2017
University of Brighton,University of Cambridge,10.1145/3105971.3105988,2017
University of Brighton,University of Bath,10.1145/3105971.3105988,2017
University of Cambridge,University of Cambridge,10.1145/3105971.3105988,2017
University of Cambridge,University of Bath,10.1145/3105971.3105988,2017
University of Bath,University of Bath,10.1145/3105971.3105988,2017
University of Applied Sciences Western Switzerland,University of Applied Sciences Western Switzerland,10.1145/2968220.2968226,2016
University of Illinois at Chicago,University of Illinois at Chicago,10.1145/2968220.2968229,2016
University of Illinois at Chicago,City University of New York,10.1145/2968220.2968229,2016
University of Illinois at Chicago,University of California  Santa Cruz,10.1145/2968220.2968229,2016
City University of New York,City University of New York,10.1145/2968220.2968229,2016
City University of New York,University of California  Santa Cruz,10.1145/2968220.2968229,2016
University of California  Santa Cruz,University of California  Santa Cruz,10.1145/2968220.2968229,2016
Hong Kong University of Science and Technology,Hong Kong University of Science and Technology,10.1145/2968220.2968242,2016
Hong Kong University of Science and Technology,Massachusetts Institute of Technology,10.1145/2968220.2968242,2016
Massachusetts Institute of Technology,Massachusetts Institute of Technology,10.1145/2968220.2968242,2016
Tongji University,Tongji University,10.1145/2968220.2968221,2016
Tongji University,Tsinghua University,10.1145/2968220.2968221,2016
Tongji University,Central South University,10.1145/2968220.2968221,2016
Tongji University,Guangzhou University,10.1145/2968220.2968221,2016
Tongji University,Arizona State University,10.1145/2968220.2968221,2016
Tsinghua University,Tsinghua University,10.1145/2968220.2968221,2016
Tsinghua University,Central South University,10.1145/2968220.2968221,2016
Tsinghua University,Guangzhou University,10.1145/2968220.2968221,2016
Tsinghua University,Arizona State University,10.1145/2968220.2968221,2016
Central South University,Central South University,10.1145/2968220.2968221,2016
Central South University,Guangzhou University,10.1145/2968220.2968221,2016
Central South University,Arizona State University,10.1145/2968220.2968221,2016
Guangzhou University,Guangzhou University,10.1145/2968220.2968221,2016
Guangzhou University,Arizona State University,10.1145/2968220.2968221,2016
Arizona State University,Arizona State University,10.1145/2968220.2968221,2016
VRVis Research Center,VRVis Research Center,10.1145/2968220.2968238,2016
VRVis Research Center,University of Konstanz,10.1145/2968220.2968238,2016
VRVis Research Center,Virginia Polytechnic Institute and State University,10.1145/2968220.2968238,2016
VRVis Research Center,South National University,10.1145/2968220.2968238,2016
University of Konstanz,University of Konstanz,10.1145/2968220.2968238,2016
University of Konstanz,Virginia Polytechnic Institute and State University,10.1145/2968220.2968238,2016
University of Konstanz,South National University,10.1145/2968220.2968238,2016
Virginia Polytechnic Institute and State University,Virginia Polytechnic Institute and State University,10.1145/2968220.2968238,2016
Virginia Polytechnic Institute and State University,South National University,10.1145/2968220.2968238,2016
South National University,South National University,10.1145/2968220.2968238,2016
The University of Tokyo,The University of Tokyo,10.1145/2968220.2968224,2016
The University of Tokyo,The University of Aizu,10.1145/2968220.2968224,2016
The University of Tokyo,Vienna University of Technology,10.1145/2968220.2968224,2016
The University of Aizu,The University of Aizu,10.1145/2968220.2968224,2016
The University of Aizu,Vienna University of Technology,10.1145/2968220.2968224,2016
Vienna University of Technology,Vienna University of Technology,10.1145/2968220.2968224,2016
The MARCS Institute for Brain  Behaviour and Development,The MARCS Institute for Brain  Behaviour and Development,10.1145/2968220.2968248,2016
The MARCS Institute for Brain  Behaviour and Development,Western Sydney University,10.1145/2968220.2968248,2016
The MARCS Institute for Brain  Behaviour and Development,J. Craig Venter Institute,10.1145/2968220.2968248,2016
The MARCS Institute for Brain  Behaviour and Development,University of Technology Sydney,10.1145/2968220.2968248,2016
Western Sydney University,Western Sydney University,10.1145/2968220.2968248,2016
Western Sydney University,J. Craig Venter Institute,10.1145/2968220.2968248,2016
Western Sydney University,University of Technology Sydney,10.1145/2968220.2968248,2016
J. Craig Venter Institute,J. Craig Venter Institute,10.1145/2968220.2968248,2016
J. Craig Venter Institute,University of Technology Sydney,10.1145/2968220.2968248,2016
University of Technology Sydney,University of Technology Sydney,10.1145/2968220.2968248,2016
University of Rostock,University of Rostock,10.1145/2968220.2968230,2016
University of North Texas,University of North Texas,10.1145/2968220.2968235,2016
University of North Texas,Washington University in St. Louis,10.1145/2968220.2968235,2016
University of North Texas,University of Florida,10.1145/2968220.2968235,2016
University of North Texas,Oregon State University,10.1145/2968220.2968235,2016
Washington University in St. Louis,Washington University in St. Louis,10.1145/2968220.2968235,2016
Washington University in St. Louis,University of Florida,10.1145/2968220.2968235,2016
Washington University in St. Louis,Oregon State University,10.1145/2968220.2968235,2016
University of Florida,University of Florida,10.1145/2968220.2968235,2016
University of Florida,Oregon State University,10.1145/2968220.2968235,2016
Oregon State University,Oregon State University,10.1145/2968220.2968235,2016
North Dakota State University,North Dakota State University,10.1145/2968220.2968236,2016
School of Computing and Information Systems,School of Computing and Information Systems,10.1145/2968220.2968239,2016
School of Computing and Information Systems,University of Macau,10.1145/2968220.2968239,2016
University of Macau,University of Macau,10.1145/2968220.2968239,2016
Nankai University,Nankai University,10.1145/2968220.2968240,2016
University of San Francisco,University of San Francisco,10.1145/2968220.2968241,2016
Changsha University of Science and Technology,Changsha University of Science and Technology,10.1145/2968220.2968222,2016
Changsha University of Science and Technology,Stony Brook University,10.1145/2968220.2968222,2016
Changsha University of Science and Technology,State Key Lab of CAD&CG  Zhejiang University,10.1145/2968220.2968222,2016
Changsha University of Science and Technology,Massachusetts Institute of Technology,10.1145/2968220.2968222,2016
Stony Brook University,Stony Brook University,10.1145/2968220.2968222,2016
Stony Brook University,State Key Lab of CAD&CG  Zhejiang University,10.1145/2968220.2968222,2016
Stony Brook University,Massachusetts Institute of Technology,10.1145/2968220.2968222,2016
State Key Lab of CAD&CG  Zhejiang University,State Key Lab of CAD&CG  Zhejiang University,10.1145/2968220.2968222,2016
State Key Lab of CAD&CG  Zhejiang University,Massachusetts Institute of Technology,10.1145/2968220.2968222,2016
Massachusetts Institute of Technology,Massachusetts Institute of Technology,10.1145/2968220.2968222,2016
Fraunhofer Institute for Computer Graphics Research IGD,Fraunhofer Institute for Computer Graphics Research IGD,10.1145/2968220.2968223,2016
Fraunhofer Institute for Computer Graphics Research IGD,University of Zurich,10.1145/2968220.2968223,2016
University of Zurich,University of Zurich,10.1145/2968220.2968223,2016
Drexel University,Drexel University,10.1145/2968220.2968244,2016
Hohai University,Hohai University,10.1145/2968220.2968246,2016
Hohai University,Baidu  Inc.,10.1145/2968220.2968246,2016
Baidu  Inc.,Baidu  Inc.,10.1145/2968220.2968246,2016
State Key Lab of CAD&CG  Zhejiang University,State Key Lab of CAD&CG  Zhejiang University,10.1145/2968220.2968228,2016
State Key Lab of CAD&CG  Zhejiang University,University of California  Davis,10.1145/2968220.2968228,2016
University of California  Davis,University of California  Davis,10.1145/2968220.2968228,2016
Tianjin University,Tianjin University,10.1145/2968220.2968232,2016
Tianjin University,The University of Texas at Dallas,10.1145/2968220.2968232,2016
The University of Texas at Dallas,The University of Texas at Dallas,10.1145/2968220.2968232,2016
Shanghai University,Shanghai University,10.1145/2968220.2968227,2016
Shanghai University,East China Normal University,10.1145/2968220.2968227,2016
East China Normal University,East China Normal University,10.1145/2968220.2968227,2016
Brigham Young University Hawaii,Brigham Young University Hawaii,10.1145/2968220.2968231,2016
Brigham Young University Hawaii,Brigham Young University,10.1145/2968220.2968231,2016
Brigham Young University,Brigham Young University,10.1145/2968220.2968231,2016
University of San Francisco,University of San Francisco,10.1145/2968220.2968233,2016
Ningbo University of Technology,Ningbo University of Technology,10.1145/2968220.2968237,2016
Southeast University,Southeast University,10.1145/2968220.2968243,2016
University of Wyoming,University of Wyoming,10.1145/2968220.2968245,2016
Tianjin University,Tianjin University,10.1145/2968220.2972225,2016
Tongji University,Tongji University,10.1145/2968220.2972226,2016
Shanghai Jiao Tong University,Shanghai Jiao Tong University,10.1145/2968220.2968234,2016
Purdue University,Purdue University,10.1145/2968220.2968249,2016
Purdue University,Pacific Northwest National Laboratory,10.1145/2968220.2968249,2016
Pacific Northwest National Laboratory,Pacific Northwest National Laboratory,10.1145/2968220.2968249,2016
Sejong University,Sejong University,10.1145/2801040.2801054,2015
University of Tsukuba,University of Tsukuba,10.1145/2801040.2801043,2015
University of Tsukuba,Aichi University of Education,10.1145/2801040.2801043,2015
University of Tsukuba,National Institute of Technology  Toba College,10.1145/2801040.2801043,2015
University of Tsukuba,Aichi Institute of Technology,10.1145/2801040.2801043,2015
Aichi University of Education,Aichi University of Education,10.1145/2801040.2801043,2015
Aichi University of Education,National Institute of Technology  Toba College,10.1145/2801040.2801043,2015
Aichi University of Education,Aichi Institute of Technology,10.1145/2801040.2801043,2015
National Institute of Technology  Toba College,National Institute of Technology  Toba College,10.1145/2801040.2801043,2015
National Institute of Technology  Toba College,Aichi Institute of Technology,10.1145/2801040.2801043,2015
Aichi Institute of Technology,Aichi Institute of Technology,10.1145/2801040.2801043,2015
University of Stuttgart,University of Stuttgart,10.1145/2801040.2801055,2015
University of Tübingen,University of Tübingen,10.1145/2801040.2801057,2015
University of Tübingen,University of Stuttgart,10.1145/2801040.2801057,2015
University of Stuttgart,University of Stuttgart,10.1145/2801040.2801057,2015
University of Applied Sciences Western Switzerland,University of Applied Sciences Western Switzerland,10.1145/2801040.2801048,2015
University of Stuttgart,University of Stuttgart,10.1145/2801040.2801053,2015
University of Stuttgart,University of Applied Sciences Western Switzerland,10.1145/2801040.2801053,2015
University of Applied Sciences Western Switzerland,University of Applied Sciences Western Switzerland,10.1145/2801040.2801053,2015
The University of Sydney,The University of Sydney,10.1145/2801040.2801059,2015
The University of Sydney,Monash University,10.1145/2801040.2801059,2015
Monash University,Monash University,10.1145/2801040.2801059,2015
National Chiao Tung University Taiwan,National Chiao Tung University Taiwan,10.1145/2801040.2801046,2015
Ochanomizu University,Ochanomizu University,10.1145/2801040.2801044,2015
UNSW Sydney,UNSW Sydney,10.1145/2801040.2801051,2015
UNSW Sydney,St. Vincent's Hospital Sydney,10.1145/2801040.2801051,2015
UNSW Sydney,St Vincent's Private Hospital,10.1145/2801040.2801051,2015
St. Vincent's Hospital Sydney,St. Vincent's Hospital Sydney,10.1145/2801040.2801051,2015
St. Vincent's Hospital Sydney,St Vincent's Private Hospital,10.1145/2801040.2801051,2015
St Vincent's Private Hospital,St Vincent's Private Hospital,10.1145/2801040.2801051,2015
Universiti Teknologi Malaysia,Universiti Teknologi Malaysia,10.1145/2801040.2801058,2015
Universiti Teknologi Malaysia,University of South Australia,10.1145/2801040.2801058,2015
University of South Australia,University of South Australia,10.1145/2801040.2801058,2015
Sapienza University of Rome,Sapienza University of Rome,10.1145/2801040.2801052,2015
Tianjin University,Tianjin University,10.1145/2801040.2801061,2015
Tianjin University,University of Technology Sydney,10.1145/2801040.2801061,2015
Tianjin University,The University of Texas at Dallas,10.1145/2801040.2801061,2015
University of Technology Sydney,University of Technology Sydney,10.1145/2801040.2801061,2015
University of Technology Sydney,The University of Texas at Dallas,10.1145/2801040.2801061,2015
The University of Texas at Dallas,The University of Texas at Dallas,10.1145/2801040.2801061,2015
Ochanomizu University,Ochanomizu University,10.1145/2801040.2801041,2015
Tata Consultancy Services India,Tata Consultancy Services India,10.1145/2801040.2801049,2015
Chinese Academy of Sciences,Chinese Academy of Sciences,10.1145/2801040.2801063,2015
Chinese Academy of Sciences,Institute of Software Chinese Academy of Sciences,10.1145/2801040.2801063,2015
Institute of Software Chinese Academy of Sciences,Institute of Software Chinese Academy of Sciences,10.1145/2801040.2801063,2015
Nankai University,Nankai University,10.1145/2801040.2801062,2015
Nankai University,The University of Texas at Dallas,10.1145/2801040.2801062,2015
The University of Texas at Dallas,The University of Texas at Dallas,10.1145/2801040.2801062,2015
University of Stuttgart,University of Stuttgart,10.1145/2801040.2801045,2015
University of Stuttgart,University of Tübingen,10.1145/2801040.2801045,2015
University of Tübingen,University of Tübingen,10.1145/2801040.2801045,2015
University of Macau,University of Macau,10.1145/2801040.2801056,2015
Gakushuin University,Gakushuin University,10.1145/2801040.2801042,2015
Gakushuin University,Senshu University,10.1145/2801040.2801042,2015
Senshu University,Senshu University,10.1145/2801040.2801042,2015
Tokyo Metropolitan University,Tokyo Metropolitan University,10.1145/2801040.2801047,2015
Tokyo Metropolitan University,The University of Tokyo,10.1145/2801040.2801047,2015
The University of Tokyo,The University of Tokyo,10.1145/2801040.2801047,2015
Shimane University,Shimane University,10.1145/2801040.2801050,2015
The MARCS Institute for Brain  Behaviour and Development,The MARCS Institute for Brain  Behaviour and Development,10.1145/2801040.2801060,2015
The MARCS Institute for Brain  Behaviour and Development,Western Sydney University,10.1145/2801040.2801060,2015
Western Sydney University,Western Sydney University,10.1145/2801040.2801060,2015
Kyushu University,Kyushu University,10.1145/2801040.2801066,2015
Ochanomizu University,Ochanomizu University,10.1145/2801040.2801067,2015
Ochanomizu University,The University of Sydney,10.1145/2801040.2801067,2015
The University of Sydney,The University of Sydney,10.1145/2801040.2801067,2015
Ajou University,Ajou University,10.1145/2801040.2801069,2015
Tokyo University of Science,Tokyo University of Science,10.1145/2801040.2801068,2015
Tokyo University of Science,Universite d'Angers,10.1145/2801040.2801068,2015
Universite d'Angers,Universite d'Angers,10.1145/2801040.2801068,2015
The University of Electro-Communications,The University of Electro-Communications,10.1145/2801040.2801070,2015
Chang Gung University,Chang Gung University,10.1145/2801040.2801065,2015
Chang Gung University,Chang Gung Memorial Hospital,10.1145/2801040.2801065,2015
Chang Gung Memorial Hospital,Chang Gung Memorial Hospital,10.1145/2801040.2801065,2015
Research Organization of Information and Systems National Institute of Informatics,Research Organization of Information and Systems National Institute of Informatics,10.1145/2801040.2801071,2015
Research Organization of Information and Systems National Institute of Informatics,The University of Tokyo,10.1145/2801040.2801071,2015
The University of Tokyo,The University of Tokyo,10.1145/2801040.2801071,2015
Tianjin University,Tianjin University,10.1145/2801040.2801072,2015
Tianjin University,The University of Texas at Dallas,10.1145/2801040.2801072,2015
The University of Texas at Dallas,The University of Texas at Dallas,10.1145/2801040.2801072,2015
Gakushuin University,Gakushuin University,10.1145/2801040.2802138,2015
Gakushuin University,Senshu University,10.1145/2801040.2802138,2015
Senshu University,Senshu University,10.1145/2801040.2802138,2015
Lomonosov Moscow State University,Lomonosov Moscow State University,10.1145/2636240.2636844,2014
Micron Technology Incorporated,Micron Technology Incorporated,10.1145/2636240.2636850,2014
Micron Technology Incorporated,Boise State University,10.1145/2636240.2636850,2014
Micron Technology Incorporated,University of San Francisco,10.1145/2636240.2636850,2014
Boise State University,Boise State University,10.1145/2636240.2636850,2014
Boise State University,University of San Francisco,10.1145/2636240.2636850,2014
University of San Francisco,University of San Francisco,10.1145/2636240.2636850,2014
University of Technology Sydney,University of Technology Sydney,10.1145/2636240.2636841,2014
University of Technology Sydney,The MARCS Institute for Brain  Behaviour and Development,10.1145/2636240.2636841,2014
University of Technology Sydney,Tianjin University,10.1145/2636240.2636841,2014
The MARCS Institute for Brain  Behaviour and Development,The MARCS Institute for Brain  Behaviour and Development,10.1145/2636240.2636841,2014
The MARCS Institute for Brain  Behaviour and Development,Tianjin University,10.1145/2636240.2636841,2014
Tianjin University,Tianjin University,10.1145/2636240.2636841,2014
University of Applied Sciences Western Switzerland,University of Applied Sciences Western Switzerland,10.1145/2636240.2636839,2014
University of Applied Sciences Western Switzerland,University of Stuttgart,10.1145/2636240.2636839,2014
University of Stuttgart,University of Stuttgart,10.1145/2636240.2636839,2014
The University of Tokyo,The University of Tokyo,10.1145/2636240.2636858,2014
The University of Tokyo,Vienna University of Technology,10.1145/2636240.2636858,2014
The University of Tokyo,University of Tsukuba,10.1145/2636240.2636858,2014
The University of Tokyo,The University of Aizu,10.1145/2636240.2636858,2014
Vienna University of Technology,Vienna University of Technology,10.1145/2636240.2636858,2014
Vienna University of Technology,University of Tsukuba,10.1145/2636240.2636858,2014
Vienna University of Technology,The University of Aizu,10.1145/2636240.2636858,2014
University of Tsukuba,University of Tsukuba,10.1145/2636240.2636858,2014
University of Tsukuba,The University of Aizu,10.1145/2636240.2636858,2014
The University of Aizu,The University of Aizu,10.1145/2636240.2636858,2014
Shenzhen University,Shenzhen University,10.1145/2636240.2636854,2014
Shenzhen University,Bosch Research and Technology Center,10.1145/2636240.2636854,2014
Shenzhen University,Hong Kong University of Science and Technology,10.1145/2636240.2636854,2014
Bosch Research and Technology Center,Bosch Research and Technology Center,10.1145/2636240.2636854,2014
Bosch Research and Technology Center,Hong Kong University of Science and Technology,10.1145/2636240.2636854,2014
Hong Kong University of Science and Technology,Hong Kong University of Science and Technology,10.1145/2636240.2636854,2014
Deakin University,Deakin University,10.1145/2636240.2636843,2014
Deakin University,Monash University,10.1145/2636240.2636843,2014
Monash University,Monash University,10.1145/2636240.2636843,2014
University of Paderborn,University of Paderborn,10.1145/2636240.2636840,2014
National Chiao Tung University Taiwan,National Chiao Tung University Taiwan,10.1145/2636240.2636846,2014
University of Salerno,University of Salerno,10.1145/2636240.2636855,2014
University of Salerno,Australian Catholic University,10.1145/2636240.2636855,2014
University of Salerno,The University of Sydney,10.1145/2636240.2636855,2014
Australian Catholic University,Australian Catholic University,10.1145/2636240.2636855,2014
Australian Catholic University,The University of Sydney,10.1145/2636240.2636855,2014
The University of Sydney,The University of Sydney,10.1145/2636240.2636855,2014
Western Sydney University,Western Sydney University,10.1145/2636240.2636842,2014
Western Sydney University,The MARCS Institute for Brain  Behaviour and Development,10.1145/2636240.2636842,2014
Western Sydney University,Flinders University,10.1145/2636240.2636842,2014
Western Sydney University,The University of British Columbia,10.1145/2636240.2636842,2014
Western Sydney University,Kansas State University,10.1145/2636240.2636842,2014
Western Sydney University,University of Alberta,10.1145/2636240.2636842,2014
The MARCS Institute for Brain  Behaviour and Development,The MARCS Institute for Brain  Behaviour and Development,10.1145/2636240.2636842,2014
The MARCS Institute for Brain  Behaviour and Development,Flinders University,10.1145/2636240.2636842,2014
The MARCS Institute for Brain  Behaviour and Development,The University of British Columbia,10.1145/2636240.2636842,2014
The MARCS Institute for Brain  Behaviour and Development,Kansas State University,10.1145/2636240.2636842,2014
The MARCS Institute for Brain  Behaviour and Development,University of Alberta,10.1145/2636240.2636842,2014
Flinders University,Flinders University,10.1145/2636240.2636842,2014
Flinders University,The University of British Columbia,10.1145/2636240.2636842,2014
Flinders University,Kansas State University,10.1145/2636240.2636842,2014
Flinders University,University of Alberta,10.1145/2636240.2636842,2014
The University of British Columbia,The University of British Columbia,10.1145/2636240.2636842,2014
The University of British Columbia,Kansas State University,10.1145/2636240.2636842,2014
The University of British Columbia,University of Alberta,10.1145/2636240.2636842,2014
Kansas State University,Kansas State University,10.1145/2636240.2636842,2014
Kansas State University,University of Alberta,10.1145/2636240.2636842,2014
University of Alberta,University of Alberta,10.1145/2636240.2636842,2014
National Institute of Technology Karnataka,National Institute of Technology Karnataka,10.1145/2636240.2636847,2014
Tianjin University,Tianjin University,10.1145/2636240.2636857,2014
Tianjin University,The University of Texas at Dallas,10.1145/2636240.2636857,2014
The University of Texas at Dallas,The University of Texas at Dallas,10.1145/2636240.2636857,2014
Tsinghua University,Tsinghua University,10.1145/2636240.2636845,2014
Indian Institute of Technology Guwahati,Indian Institute of Technology Guwahati,10.1145/2636240.2636856,2014
University of Waikato,University of Waikato,10.1145/2636240.2636853,2014
University of Brighton,University of Brighton,10.1145/2636240.2636838,2014
University of Brighton,University of Kent,10.1145/2636240.2636838,2014
University of Kent,University of Kent,10.1145/2636240.2636838,2014
University of Technology Sydney,University of Technology Sydney,10.1145/2636240.2636848,2014
University of Technology Sydney,Epicentre,10.1145/2636240.2636848,2014
Epicentre,Epicentre,10.1145/2636240.2636848,2014
Queensland University of Technology,Queensland University of Technology,10.1145/2636240.2636851,2014
The University of Sydney,The University of Sydney,10.1145/2636240.2636852,2014
The University of Sydney,Epicentre,10.1145/2636240.2636852,2014
Epicentre,Epicentre,10.1145/2636240.2636852,2014
Kyushu University,Kyushu University,10.1145/2636240.2636849,2014
Shandong University,Shandong University,10.1145/2636240.2636862,2014
James Cook University,James Cook University,10.1145/2636240.2636860,2014
Brigham Young University Hawaii,Brigham Young University Hawaii,10.1145/2636240.2636871,2014
National Institute of Technology Karnataka,National Institute of Technology Karnataka,10.1145/2636240.2636863,2014
James Cook University,James Cook University,10.1145/2636240.2636865,2014
University of Tasmania,University of Tasmania,10.1145/2636240.2636868,2014
University of Tasmania,Berner Fachhochschule,10.1145/2636240.2636868,2014
Berner Fachhochschule,Berner Fachhochschule,10.1145/2636240.2636868,2014
Deakin University,Deakin University,10.1145/2636240.2636866,2014
Ochanomizu University,Ochanomizu University,10.1145/2636240.2636861,2014
University of Colombo,University of Colombo,10.1145/2636240.2636867,2014
University of Colombo,Monash University Malaysia,10.1145/2636240.2636867,2014
Monash University Malaysia,Monash University Malaysia,10.1145/2636240.2636867,2014
Nanjing University,Nanjing University,10.1145/2636240.2636870,2014
The University of Sydney,The University of Sydney,10.1145/2636240.2636864,2014
Queensland University of Technology,Queensland University of Technology,10.1145/2636240.2636869,2014
University of Colombo,University of Colombo,10.1145/2636240.2636876,2014
University of Colombo,Monash University Malaysia,10.1145/2636240.2636876,2014
Monash University Malaysia,Monash University Malaysia,10.1145/2636240.2636876,2014
Ochanomizu University,Ochanomizu University,10.1145/2636240.2636877,2014
Ochanomizu University,Shiseido Company Ltd.,10.1145/2636240.2636877,2014
Shiseido Company Ltd.,Shiseido Company Ltd.,10.1145/2636240.2636877,2014
National Institute of Technology Karnataka,National Institute of Technology Karnataka,10.1145/2636240.2636878,2014
University of Colombo,University of Colombo,10.1145/2636240.2636875,2014
University of Colombo,Monash University Malaysia,10.1145/2636240.2636875,2014
Monash University Malaysia,Monash University Malaysia,10.1145/2636240.2636875,2014
University of Colombo,University of Colombo,10.1145/2636240.2636874,2014
University of Colombo,Monash University Malaysia,10.1145/2636240.2636874,2014
Monash University Malaysia,Monash University Malaysia,10.1145/2636240.2636874,2014
University of Toyama,University of Toyama,10.1145/2636240.2636872,2014
Epicentre,Epicentre,10.1145/2636240.2636873,2014
Epicentre,Queensland University of Technology,10.1145/2636240.2636873,2014
Queensland University of Technology,Queensland University of Technology,10.1145/2636240.2636873,2014
Sapienza University of Rome,Sapienza University of Rome,10.1145/2493102.2493103,2013
Sapienza University of Rome,Shizuoka University,10.1145/2493102.2493103,2013
Sapienza University of Rome,The University of Aizu,10.1145/2493102.2493103,2013
Shizuoka University,Shizuoka University,10.1145/2493102.2493103,2013
Shizuoka University,The University of Aizu,10.1145/2493102.2493103,2013
The University of Aizu,The University of Aizu,10.1145/2493102.2493103,2013
Beihang University,Beihang University,10.1145/2493102.2493104,2013
Beihang University,Chinese Academy of Sciences,10.1145/2493102.2493104,2013
Beihang University,Institute of Software Chinese Academy of Sciences,10.1145/2493102.2493104,2013
Chinese Academy of Sciences,Chinese Academy of Sciences,10.1145/2493102.2493104,2013
Chinese Academy of Sciences,Institute of Software Chinese Academy of Sciences,10.1145/2493102.2493104,2013
Institute of Software Chinese Academy of Sciences,Institute of Software Chinese Academy of Sciences,10.1145/2493102.2493104,2013
University of Salerno,University of Salerno,10.1145/2493102.2493105,2013
University of Salerno,Australian Catholic University,10.1145/2493102.2493105,2013
University of Salerno,The University of Sydney,10.1145/2493102.2493105,2013
Australian Catholic University,Australian Catholic University,10.1145/2493102.2493105,2013
Australian Catholic University,The University of Sydney,10.1145/2493102.2493105,2013
The University of Sydney,The University of Sydney,10.1145/2493102.2493105,2013
Harbin Institute of Technology,Harbin Institute of Technology,10.1145/2493102.2493106,2013
Nanjing University,Nanjing University,10.1145/2493102.2493107,2013
Nanjing University,Beijing Electronic Science and Technology Institute,10.1145/2493102.2493107,2013
Beijing Electronic Science and Technology Institute,Beijing Electronic Science and Technology Institute,10.1145/2493102.2493107,2013
Tsinghua University,Tsinghua University,10.1145/2493102.2493108,2013
Tsinghua University,Hong Kong University of Science and Technology,10.1145/2493102.2493108,2013
Hong Kong University of Science and Technology,Hong Kong University of Science and Technology,10.1145/2493102.2493108,2013
The University of Texas at Dallas,The University of Texas at Dallas,10.1145/2493102.2493109,2013
The University of Texas at Dallas,Texas Instruments,10.1145/2493102.2493109,2013
Texas Instruments,Texas Instruments,10.1145/2493102.2493109,2013
East China Normal University,East China Normal University,10.1145/2493102.2493110,2013
Tsinghua University,Tsinghua University,10.1145/2493102.2493111,2013
University of Technology Sydney,University of Technology Sydney,10.1145/2493102.2493112,2013
University of Technology Sydney,Western Sydney University,10.1145/2493102.2493112,2013
University of Technology Sydney,The MARCS Institute for Brain  Behaviour and Development,10.1145/2493102.2493112,2013
Western Sydney University,Western Sydney University,10.1145/2493102.2493112,2013
Western Sydney University,The MARCS Institute for Brain  Behaviour and Development,10.1145/2493102.2493112,2013
The MARCS Institute for Brain  Behaviour and Development,The MARCS Institute for Brain  Behaviour and Development,10.1145/2493102.2493112,2013
University of Salerno,University of Salerno,10.1145/2493102.2493113,2013
University of Macau,University of Macau,10.1145/2493102.2493114,2013
Sapienza University of Rome,Sapienza University of Rome,10.1145/2493102.2493116,2013
Sapienza University of Rome,University of Salerno,10.1145/2493102.2493116,2013
Sapienza University of Rome,University of Brighton,10.1145/2493102.2493116,2013
University of Salerno,University of Salerno,10.1145/2493102.2493116,2013
University of Salerno,University of Brighton,10.1145/2493102.2493116,2013
University of Brighton,University of Brighton,10.1145/2493102.2493116,2013
Nanjing University,Nanjing University,10.1145/2493102.2493118,2013
University of Tours,University of Tours,10.1145/2493102.2493119,2013
University of Tours,University of Lille,10.1145/2493102.2493119,2013
University of Lille,University of Lille,10.1145/2493102.2493119,2013
Aston University,Aston University,10.1145/2493102.2493120,2013
Aston University,Loughborough University,10.1145/2493102.2493120,2013
Loughborough University,Loughborough University,10.1145/2493102.2493120,2013
Shandong University,Shandong University,10.1145/2493102.2493121,2013
Shandong University,Shandong University,10.1145/2493102.2493122,2013
Winthrop University,Winthrop University,10.1145/2493102.2493115,2013
Winthrop University,University of Illinois Urbana-Champaign,10.1145/2493102.2493115,2013
Winthrop University,University College London,10.1145/2493102.2493115,2013
Winthrop University,The University of Edinburgh,10.1145/2493102.2493115,2013
University of Illinois Urbana-Champaign,University of Illinois Urbana-Champaign,10.1145/2493102.2493115,2013
University of Illinois Urbana-Champaign,University College London,10.1145/2493102.2493115,2013
University of Illinois Urbana-Champaign,The University of Edinburgh,10.1145/2493102.2493115,2013
University College London,University College London,10.1145/2493102.2493115,2013
University College London,The University of Edinburgh,10.1145/2493102.2493115,2013
The University of Edinburgh,The University of Edinburgh,10.1145/2493102.2493115,2013
Linnaeus University  Växjö,Linnaeus University  Växjö,10.1145/2493102.2499784,2013
Tsinghua University,Tsinghua University,10.1145/2493102.2499785,2013
Utah State University,Utah State University,10.1145/2493102.2499786,2013
Loughborough University,Loughborough University,10.1145/2493102.2499787,2013
Zhejiang University of Technology,Zhejiang University of Technology,10.1145/2397696.2397697,2012
Central South University,Central South University,10.1145/2397696.2397698,2012
Shandong University,Shandong University,10.1145/2397696.2397699,2012
IBM Research - China,IBM Research - China,10.1145/2397696.2397700,2012
IBM Research - China,IBM China Company Limited,10.1145/2397696.2397700,2012
IBM Research - China,University of Maryland  College Park (UMD),10.1145/2397696.2397700,2012
IBM Research - China,Institute of Software Chinese Academy of Sciences,10.1145/2397696.2397700,2012
IBM Research - China,Tsinghua University,10.1145/2397696.2397700,2012
IBM China Company Limited,IBM China Company Limited,10.1145/2397696.2397700,2012
IBM China Company Limited,University of Maryland  College Park (UMD),10.1145/2397696.2397700,2012
IBM China Company Limited,Institute of Software Chinese Academy of Sciences,10.1145/2397696.2397700,2012
IBM China Company Limited,Tsinghua University,10.1145/2397696.2397700,2012
University of Maryland  College Park (UMD),University of Maryland  College Park (UMD),10.1145/2397696.2397700,2012
University of Maryland  College Park (UMD),Institute of Software Chinese Academy of Sciences,10.1145/2397696.2397700,2012
University of Maryland  College Park (UMD),Tsinghua University,10.1145/2397696.2397700,2012
Institute of Software Chinese Academy of Sciences,Institute of Software Chinese Academy of Sciences,10.1145/2397696.2397700,2012
Institute of Software Chinese Academy of Sciences,Tsinghua University,10.1145/2397696.2397700,2012
Tsinghua University,Tsinghua University,10.1145/2397696.2397700,2012
Vanderbilt University,Vanderbilt University,10.1145/2397696.2397701,2012
Vanderbilt University,Boise State University,10.1145/2397696.2397701,2012
Boise State University,Boise State University,10.1145/2397696.2397701,2012
Beijing Normal University,Beijing Normal University,10.1145/2397696.2397702,2012
Beijing Normal University,Drexel University,10.1145/2397696.2397702,2012
Drexel University,Drexel University,10.1145/2397696.2397702,2012
University of Illinois at Chicago,University of Illinois at Chicago,10.1145/2397696.2397703,2012
The University of North Carolina at Charlotte,The University of North Carolina at Charlotte,10.1145/2397696.2397704,2012
The University of North Carolina at Charlotte,State Key Lab of CAD&CG  Zhejiang University,10.1145/2397696.2397704,2012
State Key Lab of CAD&CG  Zhejiang University,State Key Lab of CAD&CG  Zhejiang University,10.1145/2397696.2397704,2012
The MARCS Institute for Brain  Behaviour and Development,The MARCS Institute for Brain  Behaviour and Development,10.1145/2397696.2397705,2012
The MARCS Institute for Brain  Behaviour and Development,J. Craig Venter Institute,10.1145/2397696.2397705,2012
The MARCS Institute for Brain  Behaviour and Development,University of Technology Sydney,10.1145/2397696.2397705,2012
The MARCS Institute for Brain  Behaviour and Development,Tianjin University,10.1145/2397696.2397705,2012
J. Craig Venter Institute,J. Craig Venter Institute,10.1145/2397696.2397705,2012
J. Craig Venter Institute,University of Technology Sydney,10.1145/2397696.2397705,2012
J. Craig Venter Institute,Tianjin University,10.1145/2397696.2397705,2012
University of Technology Sydney,University of Technology Sydney,10.1145/2397696.2397705,2012
University of Technology Sydney,Tianjin University,10.1145/2397696.2397705,2012
Tianjin University,Tianjin University,10.1145/2397696.2397705,2012
Tianjin University,Tianjin University,10.1145/2397696.2397706,2012
Tianjin University,East China Normal University,10.1145/2397696.2397706,2012
Tianjin University,Soochow University,10.1145/2397696.2397706,2012
East China Normal University,East China Normal University,10.1145/2397696.2397706,2012
East China Normal University,Soochow University,10.1145/2397696.2397706,2012
Soochow University,Soochow University,10.1145/2397696.2397706,2012
The University of Texas at Dallas,The University of Texas at Dallas,10.1145/2397696.2397707,2012
University of Macau,University of Macau,10.1145/2397696.2397708,2012
Nanjing University,Nanjing University,10.1145/2397696.2397709,2012
The University of North Carolina at Charlotte,The University of North Carolina at Charlotte,10.1145/2397696.2397710,2012
The University of North Carolina at Charlotte,Worcester Polytechnic Institute,10.1145/2397696.2397710,2012
The University of North Carolina at Charlotte,University of the Pacific  California,10.1145/2397696.2397710,2012
Worcester Polytechnic Institute,Worcester Polytechnic Institute,10.1145/2397696.2397710,2012
Worcester Polytechnic Institute,University of the Pacific  California,10.1145/2397696.2397710,2012
University of the Pacific  California,University of the Pacific  California,10.1145/2397696.2397710,2012
Tianjin University,Tianjin University,10.1145/2397696.2397711,2012
Tianjin University,Tsinghua University,10.1145/2397696.2397711,2012
Tsinghua University,Tsinghua University,10.1145/2397696.2397711,2012
University of Technology Sydney,University of Technology Sydney,10.1145/2397696.2397712,2012
University of Technology Sydney,National Yang Ming Chiao Tung University,10.1145/2397696.2397712,2012
National Yang Ming Chiao Tung University,National Yang Ming Chiao Tung University,10.1145/2397696.2397712,2012
The University of North Carolina at Charlotte,The University of North Carolina at Charlotte,10.1145/2016656.2016657,2011
The University of North Carolina at Charlotte,Palo Alto Research Center Incorporated,10.1145/2016656.2016657,2011
The University of North Carolina at Charlotte,University System of New Hampshire,10.1145/2016656.2016657,2011
Palo Alto Research Center Incorporated,Palo Alto Research Center Incorporated,10.1145/2016656.2016657,2011
Palo Alto Research Center Incorporated,University System of New Hampshire,10.1145/2016656.2016657,2011
University System of New Hampshire,University System of New Hampshire,10.1145/2016656.2016657,2011
University of Macau,University of Macau,10.1145/2016656.2016658,2011
University of Tsukuba,University of Tsukuba,10.1145/2016656.2016659,2011
Chinese Academy of Sciences,Chinese Academy of Sciences,10.1145/2016656.2016660,2011
Chinese Academy of Sciences,Beijing Jiaotong University,10.1145/2016656.2016660,2011
Chinese Academy of Sciences,Institute of Software Chinese Academy of Sciences,10.1145/2016656.2016660,2011
Beijing Jiaotong University,Beijing Jiaotong University,10.1145/2016656.2016660,2011
Beijing Jiaotong University,Institute of Software Chinese Academy of Sciences,10.1145/2016656.2016660,2011
Institute of Software Chinese Academy of Sciences,Institute of Software Chinese Academy of Sciences,10.1145/2016656.2016660,2011
Ochanomizu University,Ochanomizu University,10.1145/2016656.2016661,2011
Shimane University,Shimane University,10.1145/2016656.2016662,2011
Pennsylvania State University,Pennsylvania State University,10.1145/2016656.2016663,2011
Institute of Software Chinese Academy of Sciences,Institute of Software Chinese Academy of Sciences,10.1145/2016656.2016664,2011
Institute of Software Chinese Academy of Sciences,Lenovo Group  China,10.1145/2016656.2016664,2011
Institute of Software Chinese Academy of Sciences,Beijing University of Posts and Telecommunications,10.1145/2016656.2016664,2011
Institute of Software Chinese Academy of Sciences,Pennsylvania State University,10.1145/2016656.2016664,2011
Lenovo Group  China,Lenovo Group  China,10.1145/2016656.2016664,2011
Lenovo Group  China,Beijing University of Posts and Telecommunications,10.1145/2016656.2016664,2011
Lenovo Group  China,Pennsylvania State University,10.1145/2016656.2016664,2011
Beijing University of Posts and Telecommunications,Beijing University of Posts and Telecommunications,10.1145/2016656.2016664,2011
Beijing University of Posts and Telecommunications,Pennsylvania State University,10.1145/2016656.2016664,2011
Pennsylvania State University,Pennsylvania State University,10.1145/2016656.2016664,2011
Dalhousie University,Dalhousie University,10.1145/2016656.2016665,2011
Chinese Academy of Sciences,Chinese Academy of Sciences,10.1145/2016656.2016666,2011
Chinese Academy of Sciences,Institute of Software Chinese Academy of Sciences,10.1145/2016656.2016666,2011
Institute of Software Chinese Academy of Sciences,Institute of Software Chinese Academy of Sciences,10.1145/2016656.2016666,2011
Tianjin University,Tianjin University,10.1145/2016656.2016667,2011
Tianjin University,University of Technology Sydney,10.1145/2016656.2016667,2011
University of Technology Sydney,University of Technology Sydney,10.1145/2016656.2016667,2011
The University of Texas at Dallas,The University of Texas at Dallas,10.1145/2016656.2016668,2011
Hong Kong University of Science and Technology,Hong Kong University of Science and Technology,10.1145/2016656.2016669,2011
Hong Kong University of Science and Technology,Bosch Research and Technology Center,10.1145/2016656.2016669,2011
Hong Kong University of Science and Technology,Microsoft Research Asia,10.1145/2016656.2016669,2011
Hong Kong University of Science and Technology,Carnegie Mellon University,10.1145/2016656.2016669,2011
Bosch Research and Technology Center,Bosch Research and Technology Center,10.1145/2016656.2016669,2011
Bosch Research and Technology Center,Microsoft Research Asia,10.1145/2016656.2016669,2011
Bosch Research and Technology Center,Carnegie Mellon University,10.1145/2016656.2016669,2011
Microsoft Research Asia,Microsoft Research Asia,10.1145/2016656.2016669,2011
Microsoft Research Asia,Carnegie Mellon University,10.1145/2016656.2016669,2011
Carnegie Mellon University,Carnegie Mellon University,10.1145/2016656.2016669,2011
Southern Methodist University,Southern Methodist University,10.1145/2016656.2016670,2011
Bosch Research and Technology Center,Bosch Research and Technology Center,10.1145/2016656.2016671,2011
Bosch Research and Technology Center,Sun Yat-Sen University,10.1145/2016656.2016671,2011
Bosch Research and Technology Center,Pennsylvania State University,10.1145/2016656.2016671,2011
Sun Yat-Sen University,Sun Yat-Sen University,10.1145/2016656.2016671,2011
Sun Yat-Sen University,Pennsylvania State University,10.1145/2016656.2016671,2011
Pennsylvania State University,Pennsylvania State University,10.1145/2016656.2016671,2011
The University of Texas at Dallas,The University of Texas at Dallas,10.1145/2016656.2016672,2011
University of California  San Diego,University of California  San Diego,10.1145/1865841.1865843,2010
University of Maryland  College Park (UMD),University of Maryland  College Park (UMD),10.1145/1865841.1865844,2010
CSIRO Data61,CSIRO Data61,10.1145/1865841.1865845,2010
Northumbria University,Northumbria University,10.1145/1865841.1865846,2010
Peking University,Peking University,10.1145/1865841.1865848,2010
Shandong University,Shandong University,10.1145/1865841.1865849,2010
Beijing Normal University,Beijing Normal University,10.1145/1865841.1865850,2010
Shandong University,Shandong University,10.1145/1865841.1865853,2010
University of Technology Sydney,University of Technology Sydney,10.1145/1865841.1865854,2010
Dalhousie University,Dalhousie University,10.1145/1865841.1865856,2010
Shandong University,Shandong University,10.1145/1865841.1865857,2010
UOW Malaysia KDU College,UOW Malaysia KDU College,10.1145/1865841.1865858,2010
Chinese Academy of Sciences,Chinese Academy of Sciences,10.1145/1865841.1865860,2010
Chinese Academy of Sciences,Institute of Software Chinese Academy of Sciences,10.1145/1865841.1865860,2010
Institute of Software Chinese Academy of Sciences,Institute of Software Chinese Academy of Sciences,10.1145/1865841.1865860,2010
Chinese Academy of Sciences,Chinese Academy of Sciences,10.1145/1865841.1865861,2010
Chinese Academy of Sciences,Institute of Software Chinese Academy of Sciences,10.1145/1865841.1865861,2010
Institute of Software Chinese Academy of Sciences,Institute of Software Chinese Academy of Sciences,10.1145/1865841.1865861,2010
The MARCS Institute for Brain  Behaviour and Development,The MARCS Institute for Brain  Behaviour and Development,10.1145/1865841.1865862,2010
The MARCS Institute for Brain  Behaviour and Development,Western Sydney University,10.1145/1865841.1865862,2010
The MARCS Institute for Brain  Behaviour and Development,University of Technology Sydney,10.1145/1865841.1865862,2010
Western Sydney University,Western Sydney University,10.1145/1865841.1865862,2010
Western Sydney University,University of Technology Sydney,10.1145/1865841.1865862,2010
University of Technology Sydney,University of Technology Sydney,10.1145/1865841.1865862,2010
CSIRO Ict Centre,CSIRO Ict Centre,10.1145/1865841.1865864,2010
CSIRO Ict Centre,CSIRO Data61,10.1145/1865841.1865864,2010
CSIRO Data61,CSIRO Data61,10.1145/1865841.1865864,2010
Bosch Research and Technology Center,Bosch Research and Technology Center,10.1145/1865841.1865865,2010
Bosch Research and Technology Center,Pennsylvania State University,10.1145/1865841.1865865,2010
Pennsylvania State University,Pennsylvania State University,10.1145/1865841.1865865,2010
Shimane University,Shimane University,10.1145/1865841.1865866,2010
The University of Texas at Dallas,The University of Texas at Dallas,10.1145/1865841.1865868,2010
University of Macau,University of Macau,10.1145/1865841.1865869,2010
Pennsylvania State University,Pennsylvania State University,10.1145/1865841.1865870,2010
University of Applied Sciences Western Switzerland,University of Applied Sciences Western Switzerland,10.1145/3554944.3554948,2022
St. Polten University of Applied Sciences,St. Polten University of Applied Sciences,10.1145/3554944.3554949,2022
University of Bergen,University of Bergen,10.1145/3554944.3554950,2022
The University of Texas at Dallas,The University of Texas at Dallas,10.1145/3554944.3554951,2022
The University of Texas at Dallas,China University of Mining and Technology,10.1145/3554944.3554951,2022
The University of Texas at Dallas,University of Pennsylvania,10.1145/3554944.3554951,2022
The University of Texas at Dallas,Hong Kong University of Science and Technology,10.1145/3554944.3554951,2022
China University of Mining and Technology,China University of Mining and Technology,10.1145/3554944.3554951,2022
China University of Mining and Technology,University of Pennsylvania,10.1145/3554944.3554951,2022
China University of Mining and Technology,Hong Kong University of Science and Technology,10.1145/3554944.3554951,2022
University of Pennsylvania,University of Pennsylvania,10.1145/3554944.3554951,2022
University of Pennsylvania,Hong Kong University of Science and Technology,10.1145/3554944.3554951,2022
Hong Kong University of Science and Technology,Hong Kong University of Science and Technology,10.1145/3554944.3554951,2022
The University of British Columbia,The University of British Columbia,10.1145/3554944.3554952,2022
University of Tsukuba,University of Tsukuba,10.1145/3554944.3554953,2022
University of Konstanz,University of Konstanz,10.1145/3554944.3554971,2022
University of Konstanz,University of Stuttgart,10.1145/3554944.3554971,2022
University of Stuttgart,University of Stuttgart,10.1145/3554944.3554971,2022
University of Stuttgart,University of Stuttgart,10.1145/3554944.3554947,2022
University of Stuttgart,University of Stuttgart,10.1145/3554944.3554945,2022
Litoral Polytechnic School,Litoral Polytechnic School,10.1145/3554944.3554957,2022
University of Bergen,University of Bergen,10.1145/3554944.3554958,2022
University of Bergen,Helse Bergen Haukeland University Hospital,10.1145/3554944.3554958,2022
Helse Bergen Haukeland University Hospital,Helse Bergen Haukeland University Hospital,10.1145/3554944.3554958,2022
University of Applied Sciences Western Switzerland,University of Applied Sciences Western Switzerland,10.1145/3554944.3554959,2022
University of Applied Sciences Western Switzerland,Eindhoven University of Technology,10.1145/3554944.3554959,2022
Eindhoven University of Technology,Eindhoven University of Technology,10.1145/3554944.3554959,2022
Naval Research Laboratory,Naval Research Laboratory,10.1145/3554944.3554954,2022
University of Stuttgart,University of Stuttgart,10.1145/3554944.3554970,2022
University of Stuttgart,Pontifical Catholic University of Chile,10.1145/3554944.3554970,2022
Pontifical Catholic University of Chile,Pontifical Catholic University of Chile,10.1145/3554944.3554970,2022
University of Stuttgart,University of Stuttgart,10.1145/3554944.3554956,2022
University of Applied Sciences of the Grisons,University of Applied Sciences of the Grisons,10.1145/3554944.3554960,2022
University of Applied Sciences of the Grisons,University of Applied Sciences Western Switzerland,10.1145/3554944.3554960,2022
University of Applied Sciences Western Switzerland,University of Applied Sciences Western Switzerland,10.1145/3554944.3554960,2022
University of Potsdam,University of Potsdam,10.1145/3554944.3554961,2022
University of Potsdam,Hasso Plattner Institute for Digital Engineering gGmbH,10.1145/3554944.3554961,2022
Hasso Plattner Institute for Digital Engineering gGmbH,Hasso Plattner Institute for Digital Engineering gGmbH,10.1145/3554944.3554961,2022
University of Applied Sciences of the Grisons,University of Applied Sciences of the Grisons,10.1145/3554944.3554962,2022
University of Copenhagen,University of Copenhagen,10.1145/3554944.3554963,2022
University of Copenhagen,Imperial College London,10.1145/3554944.3554963,2022
Imperial College London,Imperial College London,10.1145/3554944.3554963,2022
University of Applied Sciences of the Grisons,University of Applied Sciences of the Grisons,10.1145/3554944.3554964,2022
University of Applied Sciences of the Grisons,University of Applied Sciences Western Switzerland,10.1145/3554944.3554964,2022
University of Applied Sciences Western Switzerland,University of Applied Sciences Western Switzerland,10.1145/3554944.3554964,2022
University of Applied Sciences of the Grisons,University of Applied Sciences of the Grisons,10.1145/3554944.3554966,2022
University of Applied Sciences of the Grisons,University of Applied Sciences Western Switzerland,10.1145/3554944.3554966,2022
University of Applied Sciences Western Switzerland,University of Applied Sciences Western Switzerland,10.1145/3554944.3554966,2022
University of Applied Sciences Western Switzerland,University of Applied Sciences Western Switzerland,10.1145/3430036.3430053,2020
University of Applied Sciences Western Switzerland,Eindhoven University of Technology,10.1145/3430036.3430053,2020
Eindhoven University of Technology,Eindhoven University of Technology,10.1145/3430036.3430053,2020
University of Applied Sciences Western Switzerland,University of Applied Sciences Western Switzerland,10.1145/3430036.3430052,2020
University of Stuttgart,University of Stuttgart,10.1145/3430036.3430050,2020
University of Stuttgart,University of Stuttgart,10.1145/3430036.3430038,2020
The University of Aizu,The University of Aizu,10.1145/3430036.3430059,2020
University of Applied Sciences Western Switzerland,University of Applied Sciences Western Switzerland,10.1145/3430036.3430061,2020
University of Applied Sciences Western Switzerland,University of Applied Sciences of the Grisons,10.1145/3430036.3430061,2020
University of Applied Sciences Western Switzerland,Reutlingen University,10.1145/3430036.3430061,2020
University of Applied Sciences of the Grisons,University of Applied Sciences of the Grisons,10.1145/3430036.3430061,2020
University of Applied Sciences of the Grisons,Reutlingen University,10.1145/3430036.3430061,2020
Reutlingen University,Reutlingen University,10.1145/3430036.3430061,2020
University of Applied Sciences Western Switzerland,University of Applied Sciences Western Switzerland,10.1145/3430036.3430043,2020
University of Tsukuba,University of Tsukuba,10.1145/3430036.3430056,2020
University of Applied Sciences Western Switzerland,University of Applied Sciences Western Switzerland,10.1145/3430036.3430049,2020
University of Stuttgart,University of Stuttgart,10.1145/3430036.3430047,2020
Hasso Plattner Institute for Digital Engineering gGmbH,Hasso Plattner Institute for Digital Engineering gGmbH,10.1145/3430036.3430045,2020
University of Applied Sciences Western Switzerland,University of Applied Sciences Western Switzerland,10.1145/3430036.3430044,2020
University of Applied Sciences Western Switzerland,University of Applied Sciences Western Switzerland,10.1145/3430036.3430064,2020
Central South University,Central South University,10.1145/3430036.3430068,2020
Hasso Plattner Institute for Digital Engineering gGmbH,Hasso Plattner Institute for Digital Engineering gGmbH,10.1145/3430036.3432753,2020
Microsoft Research Asia,Microsoft Research Asia,10.1145/3356422.3356446,2019
Hasso Plattner Institute for Digital Engineering gGmbH,Hasso Plattner Institute for Digital Engineering gGmbH,10.1145/3356422.3356425,2019
University of Applied Sciences Western Switzerland,University of Applied Sciences Western Switzerland,10.1145/3356422.3356423,2019
Monash University,Monash University,10.1145/3356422.3356450,2019
Monash University,Royal College of Art,10.1145/3356422.3356450,2019
Monash University,University of Konstanz,10.1145/3356422.3356450,2019
Royal College of Art,Royal College of Art,10.1145/3356422.3356450,2019
Royal College of Art,University of Konstanz,10.1145/3356422.3356450,2019
University of Konstanz,University of Konstanz,10.1145/3356422.3356450,2019
Hasso Plattner Institute for Digital Engineering gGmbH,Hasso Plattner Institute for Digital Engineering gGmbH,10.1145/3356422.3356444,2019
Hasso Plattner Institute for Digital Engineering gGmbH,University of Potsdam,10.1145/3356422.3356444,2019
University of Potsdam,University of Potsdam,10.1145/3356422.3356444,2019
Shenzhen Institute of Advanced Technology,Shenzhen Institute of Advanced Technology,10.1145/3356422.3356430,2019
Tianjin University,Tianjin University,10.1145/3356422.3356449,2019
Tianjin University,Beijing Technology and Business University,10.1145/3356422.3356449,2019
Tianjin University,The University of Texas at Dallas,10.1145/3356422.3356449,2019
Beijing Technology and Business University,Beijing Technology and Business University,10.1145/3356422.3356449,2019
Beijing Technology and Business University,The University of Texas at Dallas,10.1145/3356422.3356449,2019
The University of Texas at Dallas,The University of Texas at Dallas,10.1145/3356422.3356449,2019
East China Normal University,East China Normal University,10.1145/3356422.3356429,2019
East China Normal University,Soochow University,10.1145/3356422.3356429,2019
Soochow University,Soochow University,10.1145/3356422.3356429,2019
Monash University,Monash University,10.1145/3356422.3356435,2019
Monash University,University of Konstanz,10.1145/3356422.3356435,2019
University of Konstanz,University of Konstanz,10.1145/3356422.3356435,2019
University of Applied Sciences Western Switzerland,University of Applied Sciences Western Switzerland,10.1145/3356422.3356447,2019
Hasso Plattner Institute for Digital Engineering gGmbH,Hasso Plattner Institute for Digital Engineering gGmbH,10.1145/3356422.3356445,2019
Beijing Normal University,Beijing Normal University,10.1145/3356422.3356436,2019
Hohai University,Hohai University,10.1145/3356422.3356443,2019
The University of Texas at Dallas,The University of Texas at Dallas,10.1145/3356422.3356453,2019
