name,url,institutions
René Cutura,René Cutura,"['University of Stuttgart', 'Vienna University of Technology', 'University of Vienna']"
Cristina Morariu,Cristina Morariu,['University of Stuttgart']
Zhanglin Cheng,Zhanglin Cheng,['Shenzhen Institute of Advanced Technology']
Yunhai Wang,Yunhai Wang,"['Shandong University', 'Shenzhen Institute of Advanced Technology']"
Daniel Weiskopf,Daniel Weiskopf,"['University of Stuttgart', 'Simon Fraser University', 'IEEE', 'University of Tübingen']"
Michael Sedlmair,Michael Sedlmair,"['University of Stuttgart', 'Jacobs University Bremen', 'University of Vienna', 'The University of British Columbia', '+ 2']"
Takayuki Itoh,Takayuki Itoh,"['Ochanomizu University', 'IBM Japan, Ltd.']"
Asuka Nakabayashi,Asuka Nakabayashi,['Ochanomizu University']
Mariko Hagita,Mariko Hagita,"['Ochanomizu University', 'Keio University']"
Maath Musleh,Maath Musleh,[]
Angelos Chatzimparmpas,Angelos Chatzimparmpas,"['Linnaeus University, Växjö', 'University of Western Macedonia']"
Ilir Jusufi,Ilir Jusufi,"['Linnaeus University, Kalmar', 'Linnaeus University, Växjö', 'University of California, Davis']"
Alexander Achberger,Alexander Achberger,"['Mercedes Benz Cars', 'University of Stuttgart']"
Frank Heyen,Frank Heyen,['University of Stuttgart']
Kresimir Vidakovic,Kresimir Vidakovic,['Stuttgart Media University']
Martin Büßemeyer,Martin Büßemeyer,['Hasso Plattner Institute for Digital Engineering gGmbH']
Daniel Limberger,Daniel Limberger,"['Hasso Plattner Institute for Digital Engineering gGmbH', 'University of Potsdam']"
Willy Scheibel,Willy Scheibel,"['University of Potsdam', 'Hasso Plattner Institute for Digital Engineering gGmbH']"
Jürgen Döllner,Jürgen Döllner,"['Hasso Plattner Institute for Digital Engineering gGmbH', 'University of Potsdam', 'University of Münster']"
Jan van Dieken,Jan van Dieken,['Hasso Plattner Institute for Digital Engineering gGmbH']
Ayush Kumar,Ayush Kumar,"['Harvard Medical School', 'Stony Brook University']"
Bharat Goel,Bharat Goel,['Stony Brook University']
Keshav Rajupet Premkumar,Keshav Rajupet Premkumar,['Stony Brook University']
Michael Burch,Michael Burch,"['University of Applied Sciences Western Switzerland', 'Eindhoven University of Technology', '+ 4']"
Klaus D Mueller,Klaus D Mueller,"['Stony Brook University', 'IEEE', 'The Ohio State University']"
Lauren Edlin,Lauren Edlin,['Queen Mary University of London']
Joshua D Reiss,Joshua D Reiss,"['Queen Mary University of London', 'University of London']"
Cameron Edmond,Cameron Edmond,['UNSW Sydney']
Robert Lawther,Robert Lawther,['UNSW Sydney']
Maxime Cordeil,Maxime Cordeil,"['Monash University', 'The University of Queensland', 'Federal University of Toulouse Midi-Pyrénées', '+ 1']"
Tomasz P Bednarz,Tomasz P Bednarz,"['Epicentre', 'UNSW Sydney', 'CSIRO Data61', 'ARC Centre of Excellence for Mathematical & Statistical Frontiers', '+ 2']"
Miguel Alfonso Feijóo-García,Miguel Alfonso Feijóo-García,['Universidad El Bosque']
José Tiberio Hernández-Peñalosa,José Tiberio Hernández-Peñalosa,"['University of the Andes, Colombia']"
Christina Stoiber,Christina Stoiber,[]
Conny Walchshofer,Conny Walchshofer,['Johannes Kepler University Linz']
Florian Grassinger,Florian Grassinger,[]
Holger Stitz,Holger Stitz,"['Johannes Kepler University Linz', 'University of Applied Sciences Upper Austria, School of Informatics, Communications and Media']"
Marc Streit,Marc Streit,"['Johannes Kepler University Linz', 'Harvard Medical School', 'Graz University of Technology']"
Wolfgang Aigner,Wolfgang Aigner,"['St. Polten University of Applied Sciences', 'Vienna University of Technology']"
Akshay Murari,Akshay Murari,['The University of North Carolina at Charlotte']
Elias Mahfoud,Elias Mahfoud,['The University of North Carolina at Charlotte']
Weichao Wang,Weichao Wang,['The University of North Carolina at Charlotte']
Aidong Lu,Aidong Lu,"['The University of North Carolina at Charlotte', 'The University of North Carolina System', 'Purdue University', 'IEEE']"
Hinako Sassa,Hinako Sassa,['Ochanomizu University']
Mitsuo Yoshida,Mitsuo Yoshida,['Toyohashi University of Technology']
Oliver Moseler,Oliver Moseler,['University of Trier']
Lucas Kreber,Lucas Kreber,['University of Trier']
Stephan Diehl,Stephan Diehl,"['University of Trier', 'Catholic University in Eichstätt', 'Saarland University']"
Chen He,Chen He,['University of Helsinki']
Luana Micallef,Luana Micallef,"['University of Copenhagen', 'Aalto University', 'INRIA Institut National de Recherche en Informatique et en Automatique', 'University of Kent']"
Barış Serim,Barış Serim,"['University of Helsinki', 'Helsinki Institute for Information Technology', 'Koc University']"
Tung Vuong,Tung Vuong,['University of Helsinki']
Tuukka Ruotsalo,Tuukka Ruotsalo,"['University of Helsinki', 'University of Copenhagen', 'Aalto University']"
Giulio Iacucci,Giulio Iacucci,"['University of Helsinki', 'Aalto University', 'Helsinki Institute for Information Technology', 'University of Oulu']"
Günter Wallner,Günter Wallner,"['Johannes Kepler University Linz', 'University of Applied Sciences Western Switzerland', '+ 3']"
Huub M M van de Wetering,Huub M M van de Wetering,"['Eindhoven University of Technology', ""Xi'an Jiaotong University""]"
Freek Rooks,Freek Rooks,['Eindhoven University of Technology']
Olof Morra,Olof Morra,['Eindhoven University of Technology']
Gonzalo Gabriel Méndez,Gonzalo Gabriel Méndez,"['Litoral Polytechnic School', 'University of Calgary', 'University of St Andrews']"
Oscar Moreno,Oscar Moreno,['Litoral Polytechnic School']
Daniel Atzberger,Daniel Atzberger,"['University of Potsdam', 'Hasso Plattner Institute for Digital Engineering gGmbH']"
Patricio Mendoza,Patricio Mendoza,['Litoral Polytechnic School']
Sebastian Eckl,Sebastian Eckl,['Reutlingen University']
Nick Kerschagel,Nick Kerschagel,['Reutlingen University']
Uwe Kloos,Uwe Kloos,"['Reutlingen University', 'University of Applied Sciences of the Grisons', 'University of Stuttgart']"
Maitreya Save,Maitreya Save,['NC State University']
Benjamin Allen Watson,Benjamin Allen Watson,"['NC State University', 'IEEE', 'Northwestern University', 'University of Alberta', 'Georgia Institute of Technology']"
Dong Li,Dong Li,['East China Normal University']
Hong Yin,Hong Yin,['East China Normal University']
Changbo Wang,Changbo Wang,"['East China Normal University', 'Shanghai University', 'State Key Lab of CAD&CG, Zhejiang University']"
Sicheng Song,Sicheng Song,['East China Normal University']
Kirlin Li,Kirlin Li,['East China Normal University']
Chenhui Li,Chenhui Li,"['East China Normal University', 'Hong Kong Polytechnic University']"
Qiaorui Chen,Qiaorui Chen,"['School of Aeronautics and Astronautics, Zhejiang University', 'Zhejiang University']"
Shuai Zhang,Shuai Zhang,"['School of Aeronautics and Astronautics, Zhejiang University', 'Zhejiang University']"
Yao Zheng,Yao Zheng,"['Zhejiang University', 'School of Aeronautics and Astronautics, Zhejiang University', 'School of Computer and Computing Science']"
Marco Schmid,Marco Schmid,[]
Rahel Haymoz,Rahel Haymoz,['University of Applied Sciences Western Switzerland']
David Schiller,David Schiller,[]
Carolin Fiedler,Carolin Fiedler,['University of Potsdam']
Matthias Trapp,Matthias Trapp,"['Hasso Plattner Institute for Digital Engineering gGmbH', 'University of Potsdam']"
Nico Klaassen,Nico Klaassen,['Eindhoven University of Technology']
Haoran Dai,Haoran Dai,"['State Key Lab of CAD&CG, Zhejiang University']"
Yubo Tao,Yubo Tao,"['State Key Lab of CAD&CG, Zhejiang University', 'Zhejiang University']"
Hai Lin,Hai Lin,"['State Key Lab of CAD&CG, Zhejiang University', 'Zhejiang University', 'Fudan University']"
Hao Tang,Hao Tang,['Hangzhou Dianzi University']
Sixiang Fei,Sixiang Fei,['Hangzhou Dianzi University']
Xiaoying Shi,Xiaoying Shi,['Hangzhou Dianzi University']
Hanbyul Yeon,Hanbyul Yeon,['Sejong University']
Mingyu Pi,Mingyu Pi,['Sejong University']
Hyesook Son,Hyesook Son,['Sejong University']
Yun Jang,Yun Jang,"['Sejong University', 'Swiss Federal Institute of Technology, Zurich', 'Purdue University']"
Rohan Goel,Rohan Goel,"['Birla Institute of Technology and Science, Pilani']"
Samiha Fadloun,Samiha Fadloun,['University of Montpellier']
Sarah Valentin,Sarah Valentin,['University of Montpellier']
Arnaud Sallaberry,Arnaud Sallaberry,"['University of Montpellier', 'Universite Paul-Valery Montpellier III', 'University of California, Davis', '+ 3']"
Mathieu Roche,Mathieu Roche,"['Territoires, Environnement, Télédétection et Information Spatiale', 'University of Montpellier', 'CIRAD', '+ 4']"
Pascal Poncelet,Pascal Poncelet,"['University of Montpellier', '+ 4']"
Humphrey O Obie,Humphrey O Obie,"['Monash University', 'Swinburne University of Technology']"
Caslon Chua,Caslon Chua,['Swinburne University of Technology']
Iman Avazpour,Iman Avazpour,"['Deakin University', 'Swinburne University of Technology']"
Mohamed Almorsy Abdelrazek,Mohamed Almorsy Abdelrazek,['Deakin University']
John C. Grundy,John C. Grundy,"['Monash University', 'Deakin University', 'Swinburne University of Technology', 'The University of Auckland', '+ 1']"
Yaru Du,Yaru Du,[]
Liang Zhou,Liang Zhou,"['The University of Utah', 'University of Stuttgart']"
Hansjörg Schmauder,Hansjörg Schmauder,['University of Stuttgart']
Xiaoyu Wang,Xiaoyu Wang,['The University of Texas at Dallas']
Yufeng Liu,Yufeng Liu,['Hohai University']
Jie Li,Jie Li,"['Tianjin University', 'Nanjing University']"
K. Zhang,K. Zhang,"['The University of Texas at Dallas', 'Tianjin University', 'IEEE']"
Daniil Rodin,Daniil Rodin,['Technion - Israel Institute of Technology']
Gershon Elber,Gershon Elber,"['Technion - Israel Institute of Technology', 'IEEE', 'The University of Utah']"
Mehmood Ghaffar,Mehmood Ghaffar,['Bielefeld University']
Niklas Biere,Niklas Biere,['Bielefeld University']
Daniel Jäger,Daniel Jäger,['Bielefeld University']
Karsten Klein,Karsten Klein,"['Monash University', 'University of Konstanz', 'The University of Sydney', 'Technical University Dortmund', '+ 1']"
Falk Schreiber,Falk Schreiber,"['University of Konstanz', 'Monash University', 'Martin Luther University of Halle-Wittenberg', '+ 2']"
Olaf Kruse,Olaf Kruse,['Bielefeld University']
Björn Sommer,Björn Sommer,"['Royal College of Art', 'University of Konstanz', 'Monash University', 'Bielefeld University']"
Luca Marzialetti,Luca Marzialetti,['Roma Tre University']
Massimo Candela,Massimo Candela,['University of Pisa']
Giuseppe Di Battista,Giuseppe Di Battista,"['Roma Tre University', 'Basilicata University Potenza', 'Sapienza University of Rome']"
Gerald Baulig,Gerald Baulig,[]
Tobias Boley,Tobias Boley,[]
Arjana Mehmeti,Arjana Mehmeti,[]
Dina Kurbanismailova,Dina Kurbanismailova,[]
Marc Roswag,Marc Roswag,[]
Oliver Streicher,Oliver Streicher,[]
Steffen Wittig,Steffen Wittig,[]
Nico Reski,Nico Reski,"['Linnaeus University, Växjö']"
Aris Alissandrakis,Aris Alissandrakis,"['Linnaeus University, Växjö', 'Linnaeus University, Kalmar', 'University of Hertfordshire']"
Kostiantyn Kucher,Kostiantyn Kucher,"['Linnaeus University, Växjö', 'Linnaeus University, Kalmar']"
Rafael Messias Martins,Rafael Messias Martins,"['Linnaeus University, Växjö', 'Linnaeus University, Kalmar']"
Andreas Kerren,Andreas Kerren,"['Linnaeus University, Växjö', 'Linnaeus University, Kalmar', 'University of Kaiserslautern', 'Vienna University of Technology', '+ 1']"
Maria Skeppstedt,Maria Skeppstedt,"['University of Potsdam', 'Stockholm University']"
Alisa Lincke,Alisa Lincke,"['Linnaeus University, Växjö']"
Jenny Lundberg,Jenny Lundberg,['Blekinge Institute of Technology']
Maria Thunander,Maria Thunander,['Lund University']
Marcelo Milrad,Marcelo Milrad,"['Linnaeus University, Växjö', 'Linnaeus University, Kalmar']"
Jonas Lundberg,Jonas Lundberg,"['Linköping University', 'Linnaeus University, Växjö', 'Linnaeus University, Kalmar']"
Daniel Toll,Daniel Toll,"['Linnaeus University, Kalmar']"
Anna Wingkvist,Anna Wingkvist,"['Linnaeus University, Växjö', 'Linnaeus University, Kalmar']"
Tomohiro Kawanabe,Tomohiro Kawanabe,['Riken']
Jorji Nonaka,Jorji Nonaka,"['Riken', 'Kyoto University']"
Kenji Ono,Kenji Ono,"['Kyushu University', 'Riken', 'Toshiba Corporation']"
Tu Xing,Tu Xing,['Shenzhen University']
Anna Sara Fagerholm,Anna Sara Fagerholm,['Mid Sweden University']
Mattias Andersson,Mattias Andersson,['Mid Sweden University']
Björn Zimmer,Björn Zimmer,"['University of Applied Sciences Upper Austria, School of Informatics, Communications and Media', 'Linnaeus University, Växjö', 'Hannover University of Applied Sciences']"
Jan Zenisek,Jan Zenisek,"['University of Applied Sciences Upper Austria, Wels', 'University of Applied Sciences Upper Austria, School of Informatics, Communications and Media', 'University of Applied Sciences Upper Austria, School of Management']"
Hans-Christian Jetter,Hans-Christian Jetter,"['University of Lübeck', '+ 4']"
Hyunwoo Han,Hyunwoo Han,['Ajou University']
Taerin Yoon,Taerin Yoon,['Ajou University']
Hyeonsik Gong,Hyeonsik Gong,['Ajou University']
Kyungwon Lee,Kyungwon Lee,['Ajou University']
Zana Vosough,Zana Vosough,"['SAP AG', 'Technische Universität Dresden']"
Dietrich Kammer,Dietrich Kammer,"['Dresden University of Applied Sciences', 'Technische Universität Dresden']"
Mandy Keck,Mandy Keck,"['University of Applied Sciences Upper Austria, School of Informatics, Communications and Media', 'Technische Universität Dresden']"
Rainer Groh,Rainer Groh,['Technische Universität Dresden']
Fangfang Zhou,Fangfang Zhou,['Central South University']
Minghui Chen,Minghui Chen,['Central South University']
Zeyu Wang,Zeyu Wang,['Central South University']
Feng Luo,Feng Luo,['Central South University']
Xiaobo Luo,Xiaobo Luo,['Central South University']
Wei Huang,Wei Huang,['Central South University']
Yi Chen,Yi Chen,['Beijing Technology and Business University']
Ying Zhao,Ying Zhao,['Central South University']
Yang Zou,Yang Zou,['Hohai University']
Xiaoqin Zeng,Xiaoqin Zeng,"['Hohai University', 'The University of Texas at Dallas', 'Hong Kong Polytechnic University']"
Huiyi Liu,Huiyi Liu,['Hohai University']
Yuhua Liu,Yuhua Liu,"['East China Normal University', 'Shanghai University']"
Hanfei Lin,Hanfei Lin,['East China Normal University']
Yitao Liang,Yitao Liang,['East China Normal University']
Sangbong Yoo,Sangbong Yoo,['Sejong University']
Hongryeol Ryu,Hongryeol Ryu,['Yonsei University']
Taekyoung ‘Taekyoung’ Kwon,Taekyoung ‘Taekyoung’ Kwon,"['Sejong University', 'Seoul National University', 'Yonsei University', 'The Ohio State University']"
Nils Rodrigues,Nils Rodrigues,['University of Stuttgart']
Rudolf Netzel,Rudolf Netzel,['University of Stuttgart']
Kazi Riaz Ullah,Kazi Riaz Ullah,['University of Stuttgart']
Alexander Schultz,Alexander Schultz,['Fraunhofer Institute for Solar Energy Systems ISE']
Bruno Burger,Bruno Burger,['Fraunhofer Institute for Solar Energy Systems ISE']
Daniel Weiskopf,Daniel Weiskopf,"['University of Stuttgart', 'University of Konstanz', 'Simon Fraser University']"
Kumaripaba Athukorala,Kumaripaba Athukorala,"['Aalto University', 'University of Helsinki', 'Helsinki Institute for Information Technology', 'University of Oulu']"
Chao An,Chao An,"['University of Helsinki', 'Aalto University']"
Aki Reijonen,Aki Reijonen,"['University of Helsinki', 'Helsinki Institute for Information Technology']"
Jaakko Peltonen,Jaakko Peltonen,"['University of Tampere', 'Aalto University', 'Helsinki Institute for Information Technology']"
Christian Bors,Christian Bors,['Vienna University of Technology']
Markus Bögl,Markus Bögl,['Vienna University of Technology']
Theresia Gschwandtner,Theresia Gschwandtner,['Vienna University of Technology']
Silvia Miksch,Silvia Miksch,"['Vienna University of Technology', 'Danube University Krems']"
Kazuo Misue,Kazuo Misue,"['University of Tsukuba', 'Fujitsu Ltd.']"
Kosuke Otake,Kosuke Otake,['University of Tsukuba']
Takahiro Saito,Takahiro Saito,['Fujitsu Ltd.']
Jieliang Luo,Jieliang Luo,[]
Donghao Ren,Donghao Ren,"['University of California, Santa Barbara']"
George Legrady,George Legrady,"['University of California, Santa Barbara']"
Congmin Li,Congmin Li,['Tianjin University']
Boyi Li,Boyi Li,['University of Toronto']
Amontep Wijitcharoen,Amontep Wijitcharoen,['King Mongkuts University of Technology Thonburi']
Jonathan Hoyin Chan,Jonathan Hoyin Chan,['King Mongkuts University of Technology Thonburi']
Simon James Fong,Simon James Fong,"['University of Macau', 'Chinese Academy of Sciences', 'Nanyang Technological University']"
Robert P. Biuk-Aghai,Robert P. Biuk-Aghai,['University of Macau']
Scarlet Tin,Scarlet Tin,['University of Macau']
Yihang Bo,Yihang Bo,[]
Yi Yang,Yi Yang,['Chinese Academy of Sciences']
Xianglei Zhu,Xianglei Zhu,[]
Shuai Zhao,Shuai Zhao,[]
Quan Wen,Quan Wen,[]
Wenjun Guo,Wenjun Guo,['Ajou University']
Seungwook Kim,Seungwook Kim,['Seoul National University']
Sangjoon Son,Sangjoon Son,['Ajou University']
Changhyung Hong,Changhyung Hong,['Ajou University']
Hyunjung (Helen) Shin,Hyunjung (Helen) Shin,"['Ajou University', 'University of Tübingen', 'Friedrich Miescher Laboratory', 'Seoul National University', 'Max Planck Institute for Biological Cybernetics']"
Thanyathorn Thanapattheerakul,Thanyathorn Thanapattheerakul,['King Mongkuts University of Technology Thonburi']
Jaturong Kongmanee,Jaturong Kongmanee,"['Michigan State University', 'Texas Tech University', 'King Mongkuts University of Technology Thonburi']"
Saila Shama,Saila Shama,['University of Toronto']
Philip Lu,Philip Lu,['University of Toronto']
Narumol Doungpan,Narumol Doungpan,['King Mongkuts University of Technology Thonburi']
Asawin Meechai,Asawin Meechai,['King Mongkuts University of Technology Thonburi']
Jiafan Li,Jiafan Li,['East China Normal University']
Zhijie Qiao,Zhijie Qiao,['East China Normal University']
Junjie Wang,Junjie Wang,['East China Normal University']
Wutthipong Kongburan,Wutthipong Kongburan,['King Mongkuts University of Technology Thonburi']
Praisan Padungweang,Praisan Padungweang,['King Mongkuts University of Technology Thonburi']
Worarat Krathu,Worarat Krathu,"['King Mongkuts University of Technology Thonburi', 'Vienna University of Technology']"
Luca Chech,Luca Chech,['University of Padova']
Marta Vasilieva,Marta Vasilieva,['University of Helsinki']
Lorenzo Papa,Lorenzo Papa,['University of Padova']
Luciano Gamberini,Luciano Gamberini,['University of Padova']
Jiajing Zhang,Jiajing Zhang,['Zhejiang University']
Ren Peng,Ren Peng,"['Zhejiang University', 'School of Computer and Computing Science']"
Jinhui Yu,Jinhui Yu,"['State Key Lab of CAD&CG, Zhejiang University', 'Zhejiang University']"
Denise Junger,Denise Junger,['University of Stuttgart']
Isabel Hagen,Isabel Hagen,['University of Stuttgart']
Robin Horst,Robin Horst,['University of Stuttgart']
Lukas Brand,Lukas Brand,"['Landshut University of Applied Sciences', 'University of Erlangen-Nuremberg', 'University of Stuttgart']"
Armin Müller,Armin Müller,['University of Stuttgart']
Benjamin Weinert,Benjamin Weinert,"['University of Oldenburg', 'University of Stuttgart']"
Patrick Cheong-Iao Pang,Patrick Cheong-Iao Pang,"['School of Computing and Information Systems', 'University of Melbourne']"
Bin Pang,Bin Pang,['University of Macau']
Dominique Tranquille,Dominique Tranquille,['University of Brighton']
Gem Stapleton,Gem Stapleton,"['University of Brighton', 'University of Kent']"
Jim Burton,Jim Burton,['University of Brighton']
Peter J Rodgers,Peter J Rodgers,['University of Kent']
Thomas Gründer,Thomas Gründer,['Technische Universität Dresden']
Thomas Thom,Thomas Thom,[]
Martin Kleinsteuber,Martin Kleinsteuber,"['Technical University of Munich', 'Mercateo Deutschland AG', 'Ludwig-Maximilians-University Munich', 'TUM Department of Electrical and Computer Engineering', 'The Australian National University', 'CSIRO Data61', 'Julius-Maximilian University of Würzburg']"
Alexander Maasch,Alexander Maasch,[]
Yuri Sato,Yuri Sato,['University of Brighton']
Mateja Jamnik,Mateja Jamnik,"['University of Cambridge', 'Department of Computer Science and Technology', 'The University of Edinburgh']"
Zohreh Shams,Zohreh Shams,"['University of Bath', 'University of Cambridge']"
Andrew Blake,Andrew Blake,['University of Brighton']
Francesco Paduano,Francesco Paduano,['University of Illinois at Chicago']
Ronak Etemadpour,Ronak Etemadpour,"['City University of New York', 'Oklahoma State University - Stillwater', 'Oklahoma State University System', 'Jacobs University Bremen']"
Angus Graeme Forbes,Angus Graeme Forbes,"['University of California, Santa Cruz', 'Purdue University', 'University of Illinois at Chicago', 'The University of Arizona', '+ 1']"
Yun Wang,Yun Wang,['Hong Kong University of Science and Technology']
Dongyu Liu,Dongyu Liu,"['Massachusetts Institute of Technology', 'Hong Kong University of Science and Technology']"
Huamin Qu,Huamin Qu,"['Hong Kong University of Science and Technology', 'IEEE']"
Qiong Luo,Qiong Luo,"['Hong Kong University of Science and Technology', 'Tsinghua University']"
Xiaojuan Ma,Xiaojuan Ma,"['Hong Kong University of Science and Technology', 'University of Michigan, Ann Arbor', '+ 2']"
Yang Shi,Yang Shi,"['Tongji University', 'Central South University']"
Yaoxue Zhang,Yaoxue Zhang,"['Tsinghua University', 'Central South University']"
Guojun Wang,Guojun Wang,"['Guangzhou University', 'Central South University', 'Temple University', 'The University of Aizu', 'Hong Kong Polytechnic University']"
Ronghua Shi,Ronghua Shi,['Central South University']
Xing Liang,Xing Liang,['Arizona State University']
Rainer C Splechtna,Rainer C Splechtna,"['VRVis Research Center', 'University of Maryland, College Park (UMD)']"
Alexandra Diehl,Alexandra Diehl,"['University of Konstanz', 'University of Buenos Aires', 'University of Maryland, College Park (UMD)']"
Mai H Elshehaly,Mai H Elshehaly,"['Virginia Polytechnic Institute and State University', 'University of Maryland, College Park (UMD)', 'University of Maryland, Baltimore (UMB)']"
Claudio A Delrieux,Claudio A Delrieux,"['South National University', 'University of Maryland, College Park (UMD)']"
Denis Gracanin,Denis Gracanin,"['Virginia Polytechnic Institute and State University', 'University of Maryland, College Park (UMD)', '+ 4']"
Krešimir Matković,Krešimir Matković,"['VRVis Research Center', 'University of Maryland, College Park (UMD)', 'IEEE']"
Kouhei Yasuda,Kouhei Yasuda,['The University of Tokyo']
Shigeo Takahashi,Shigeo Takahashi,"['The University of Aizu', 'The University of Tokyo', 'IEEE']"
Hsiangyun Wu,Hsiangyun Wu,"['Vienna University of Technology', 'Keio University', 'The University of Tokyo']"
Quang Vinh Nguyen,Quang Vinh Nguyen,"['The MARCS Institute for Brain, Behaviour and Development', 'Western Sydney University', 'University of Technology Sydney']"
Simeon J Simoff,Simeon J Simoff,"['Western Sydney University', 'The MARCS Institute for Brain, Behaviour and Development', '+ 1']"
Yu Qian,Yu Qian,"['J. Craig Venter Institute', 'The University of Texas at Dallas']"
Maolin Huang,Maolin Huang,"['University of Technology Sydney', 'Tianjin University', 'Tianjin University of Technology', '+ 1']"
Martin Röhlig,Martin Röhlig,['University of Rostock']
H. Schumann,H. Schumann,['University of Rostock']
Ruth West,Ruth West,"['University of North Texas', 'University of California, Los Angeles', 'University of California, San Diego']"
Meghan Kajihara,Meghan Kajihara,['University of North Texas']
Max Parola,Max Parola,['University of North Texas']
Kathryn Hays,Kathryn Hays,['University of North Texas']
Luke Hillard,Luke Hillard,['University of North Texas']
Anne Carlew,Anne Carlew,['University of North Texas']
Jeremey Deutsch,Jeremey Deutsch,['University of North Texas']
Brandon Lane,Brandon Lane,['University of North Texas']
Michelle Holloway,Michelle Holloway,['Washington University in St. Louis']
Brendan John,Brendan John,"['University of Florida', 'Rochester Institute of Technology']"
Anahita Sanandaji,Anahita Sanandaji,['Oregon State University']
Cindy Marie Grimm,Cindy Marie Grimm,"['Oregon State University', 'Washington University in St. Louis', 'Texas A&M University', 'University of Central Florida', 'IEEE', '+ 2']"
Zheng Huang,Zheng Huang,['North Dakota State University']
Jed Limke,Jed Limke,['North Dakota State University']
Jun Kong,Jun Kong,"['North Dakota State University', 'The University of Texas at Dallas']"
Muye Yang,Muye Yang,['University of Macau']
Yina Li,Yina Li,['Nankai University']
Dongjin Li,Dongjin Li,['Nankai University']
Casey Haber,Casey Haber,['University of San Francisco']
Lyndonong Yiu,Lyndonong Yiu,['University of San Francisco']
Alark Joshi,Alark Joshi,"['University of San Francisco', 'Yale University', 'University of Maryland, Baltimore County (UMBC)', 'IEEE']"
Sophie Engle,Sophie Engle,"['University of San Francisco', 'University of California, Davis']"
Hui Lei,Hui Lei,['Changsha University of Science and Technology']
Cong Xie,Cong Xie,['Stony Brook University']
Pingping Shang,Pingping Shang,"['State Key Lab of CAD&CG, Zhejiang University']"
Fan Zhang,Fan Zhang,"['Massachusetts Institute of Technology', 'Zhejiang University of Technology']"
Weri Chen,Weri Chen,"['State Key Lab of CAD&CG, Zhejiang University', 'Zhejiang University']"
Qunsheng Peng,Qunsheng Peng,"['State Key Lab of CAD&CG, Zhejiang University', 'Zhejiang University']"
Tobias Ruppert,Tobias Ruppert,['Fraunhofer Institute for Computer Graphics Research IGD']
Andreas Bannach,Andreas Bannach,['Fraunhofer Institute for Computer Graphics Research IGD']
Jürgen Bernard,Jürgen Bernard,"['University of Zurich', 'The University of British Columbia', 'Fraunhofer Institute for Computer Graphics Research IGD', '+ 1']"
Hendrik Lücke-Tieke,Hendrik Lücke-Tieke,"['Fraunhofer Institute for Computer Graphics Research IGD', 'Athena Research and Innovation Center in Information, Communication and Knowledge Technologies']"
Alex Ulmer,Alex Ulmer,['Fraunhofer Institute for Computer Graphics Research IGD']
Jörn Kohlhammer,Jörn Kohlhammer,"['Fraunhofer Institute for Computer Graphics Research IGD', 'Technical University of Darmstadt']"
Jiangen He,Jiangen He,"['Drexel University', 'University of Maryland, College Park (UMD)']"
Chaomei Chen,Chaomei Chen,"['Drexel University', 'Dalian University of Technology', 'Brunel University London', 'Glasgow Caledonian University', '+ 1']"
Wenqian Ji,Wenqian Ji,['Hohai University']
Yan Tang,Yan Tang,['Hohai University']
Pengju Ma,Pengju Ma,['Hohai University']
Shijie Tang,Shijie Tang,['Hohai University']
Zhipeng Fang,Zhipeng Fang,['Hohai University']
Xuan Li,Xuan Li,"['Baidu, Inc.']"
Tianjian Chen,Tianjian Chen,"['Baidu, Inc.']"
Lina Zhang,Lina Zhang,"['State Key Lab of CAD&CG, Zhejiang University']"
Kwan-Liu Ma,Kwan-Liu Ma,"['University of California, Davis', 'IEEE', 'NASA Langley Research Center', 'The University of Utah']"
Jinhui Yu,Jinhui Yu,"['State Key Lab of CAD&CG, Zhejiang University']"
Lu Xiong,Lu Xiong,['Tianjin University']
Kai Sun,Kai Sun,['Shanghai University']
Zongchao Guo,Zongchao Guo,['Shanghai University']
Iliesa S Delai,Iliesa S Delai,['Brigham Young University Hawaii']
Meilan Jin,Meilan Jin,['Brigham Young University']
Geoffrey M Draper,Geoffrey M Draper,"['Brigham Young University Hawaii', 'The University of Utah']"
Seimei Matsusaki,Seimei Matsusaki,['University of San Francisco']
Xi Han,Xi Han,['University of San Francisco']
Xin Kang,Xin Kang,"['Ningbo University of Technology', 'Peking University', 'National Taipei University of Technology', 'Beijing University of Technology']"
Yinan Li,Yinan Li,['Southeast University']
Jian Wang,Jian Wang,['Southeast University']
Daniel Wilches,Daniel Wilches,['University of Wyoming']
Amy Banić,Amy Banić,['University of Wyoming']
Sarah Hong,Sarah Hong,[]
Yuyi Liu,Yuyi Liu,[]
Zhao Xiao,Zhao Xiao,"['Tianjin University', 'East China Normal University']"
Jie Wu,Jie Wu,['Tongji University']
Guangxi Chen,Guangxi Chen,['Tongji University']
Wang Qian,Wang Qian,['Shanghai Jiao Tong University']
Xiao Bing,Xiao Bing,['Shanghai Jiao Tong University']
Vetria Laverne Byrd,Vetria Laverne Byrd,"['Purdue University', 'The University of Alabama at Birmingham']"
Joseph A Cottam,Joseph A Cottam,"['Pacific Northwest National Laboratory', 'Indiana University Bloomington']"
Koji Kainou,Koji Kainou,['University of Tsukuba']
Hotaka Takizawa,Hotaka Takizawa,"['University of Tsukuba', 'Toyohashi University of Technology']"
Mayumi Aoyagi,Mayumi Aoyagi,['Aichi University of Education']
Nobuo Ezaki,Nobuo Ezaki,"['National Institute of Technology, Toba College']"
Shinji Mizuno,Shinji Mizuno,"['Aichi Institute of Technology', 'Toyohashi University of Technology']"
Christoph Müller,Christoph Müller,['University of Stuttgart']
Guido Reina,Guido Reina,['University of Stuttgart']
Thomas Ertl,Thomas Ertl,"['University of Stuttgart', '+ 3']"
Michael Krone,Michael Krone,"['University of Tübingen', 'University of Stuttgart']"
Alexandros Panagiotidis,Alexandros Panagiotidis,['University of Stuttgart']
Tilo Pfannkuch,Tilo Pfannkuch,['University of Stuttgart']
Andrew Kennedy,Andrew Kennedy,['The University of Sydney']
An Nguyen,An Nguyen,['The University of Sydney']
Tingyu Chen,Tingyu Chen,['National Chiao Tung University Taiwan']
Sai Keung Wong,Sai Keung Wong,['National Chiao Tung University Taiwan']
Chica Matsueda,Chica Matsueda,['Ochanomizu University']
John B McGhee,John B McGhee,"['UNSW Sydney', 'University of Dundee']"
Angelica G Thompson-Butel,Angelica G Thompson-Butel,"[""St. Vincent's Hospital Sydney""]"
Steven Faux,Steven Faux,"[""St. Vincent's Hospital Sydney"", 'UNSW Sydney']"
Pascal Bou-Haidar,Pascal Bou-Haidar,"[""St Vincent's Private Hospital""]"
John Bailey,John Bailey,['UNSW Sydney']
Ajune Wanis Ismail,Ajune Wanis Ismail,['Universiti Teknologi Malaysia']
Mark Nathan Billinghurst,Mark Nathan Billinghurst,"['University of South Australia', 'The University of Auckland', 'University of Michigan, Ann Arbor', '+ 7']"
Mohd Shahrizal Bin Sunar,Mohd Shahrizal Bin Sunar,"['Universiti Teknologi Malaysia', 'Sunway University']"
Marco Angelini,Marco Angelini,['Sapienza University of Rome']
Giuseppe Santucci,Giuseppe Santucci,"['Sapienza University of Rome', 'University of Maryland, College Park (UMD)']"
Zhaopeng Meng,Zhaopeng Meng,['Tianjin University']
Eriko Koike,Eriko Koike,['Ochanomizu University']
Aditeya Pandey,Aditeya Pandey,['Tata Consultancy Services India']
Kunal Ranjan,Kunal Ranjan,['Tata Consultancy Services India']
Geetika Sharma,Geetika Sharma,"['Tata Consultancy Services India', 'Indian Institute of Technology Delhi']"
Lipika Dey,Lipika Dey,"['Tata Consultancy Services India', 'Indian Institute of Technology Delhi']"
Yan Huang,Yan Huang,"['Chinese Academy of Sciences', 'Institute of Automation Chinese Academy of Sciences', '+ 1']"
Cui-Xia Ma,Cui-Xia Ma,"['Institute of Software Chinese Academy of Sciences', 'Chinese Academy of Sciences']"
Hong'an Wang,Hong'an Wang,"['Institute of Software Chinese Academy of Sciences', 'Alibaba Group Holding Limited', '+ 4']"
Katrin Scharnowski,Katrin Scharnowski,['University of Stuttgart']
Yukari Shirota,Yukari Shirota,"['Gakushuin University', 'Ricoh Co., Ltd.', 'The University of Tokyo']"
Yutaka Takahashi,Yutaka Takahashi,['Senshu University']
Nobuhide Tanaka,Nobuhide Tanaka,['Gakushuin University']
Michiya Morita,Michiya Morita,['Gakushuin University']
Makiko Harada,Makiko Harada,['Tokyo Metropolitan University']
Hidenori Watanave,Hidenori Watanave,"['The University of Tokyo', 'Tokyo Metropolitan University']"
Nozomi Tamaki,Nozomi Tamaki,['Shimane University']
Masahito Hirakawa,Masahito Hirakawa,"['Shimane University', 'Hiroshima University']"
Harrison Cook,Harrison Cook,[]
Antoine Trouvé,Antoine Trouvé,['Kyushu University']
Kazuaki J Murakami,Kazuaki J Murakami,['Kyushu University']
Sayaka Yagi,Sayaka Yagi,['Ochanomizu University']
Masahiro Takatsuka,Masahiro Takatsuka,['The University of Sydney']
Hyoji Ha,Hyoji Ha,['Ajou University']
Sungyun Bae,Sungyun Bae,['Ajou University']
Shinya Tachihara,Shinya Tachihara,['Tokyo University of Science']
Takehiko Yamaguchi,Takehiko Yamaguchi,"['Tokyo University of Science', ""Universite d'Angers"", 'University of Arkansas - Fayetteville']"
Naoki Ishiura,Naoki Ishiura,['Tokyo University of Science']
Mickaël Dinomais,Mickaël Dinomais,"[""Universite d'Angers""]"
Paul Richard,Paul Richard,"[""Universite d'Angers""]"
Sylvie Nguyen,Sylvie Nguyen,[]
Tetsuji Takada,Tetsuji Takada,['The University of Electro-Communications']
Katsuhiro Amako,Katsuhiro Amako,['The University of Electro-Communications']
Jiann Der Lee,Jiann Der Lee,"['Chang Gung University', 'National Taiwan University of Science and Technology']"
Haoche Lee,Haoche Lee,['Chang Gung University']
Chunghung Hsieh,Chunghung Hsieh,['Chang Gung University']
Chiehtsai Wu,Chiehtsai Wu,['Chang Gung Memorial Hospital']
Shintseng Lee,Shintseng Lee,"['Chang Gung Memorial Hospital', 'Chang Gung University']"
Norio Katayama,Norio Katayama,['Research Organization of Information and Systems National Institute of Informatics']
Hiroshi Mo,Hiroshi Mo,['Research Organization of Information and Systems National Institute of Informatics']
Shin'ichi Satoh,Shin'ichi Satoh,"['The University of Tokyo', '+ 5']"
Mengjia Zhang,Mengjia Zhang,['Tianjin University']
Anatoly Yelizarov,Anatoly Yelizarov,['Lomonosov Moscow State University']
Dennis Yu Gamayunov,Dennis Yu Gamayunov,['Lomonosov Moscow State University']
Brady Cannon,Brady Cannon,['Micron Technology Incorporated']
Minoti Hiremath,Minoti Hiremath,['Boise State University']
Cheryl Jorcyk,Cheryl Jorcyk,['Boise State University']
Tze Haw Huang,Tze Haw Huang,['University of Technology Sydney']
Laiping Zhao,Laiping Zhao,"['Tianjin University', 'Kyushu University']"
Gao Yi,Gao Yi,['The University of Tokyo']
Kazuyo Mizuno,Kazuyo Mizuno,['The University of Tokyo']
Hong Zhou,Hong Zhou,"['Shenzhen University', 'Hong Kong University of Science and Technology']"
Panpan Xu,Panpan Xu,"['Bosch Research and Technology Center', 'Hong Kong University of Science and Technology']"
Zhong Ming,Zhong Ming,"['Shenzhen University', 'Henan University']"
Haile Vu,Haile Vu,"['Monash University', 'Swinburne University of Technology']"
Jan Wolter,Jan Wolter,['University of Paderborn']
Uwe Kastens,Uwe Kastens,"['University of Paderborn', 'Karlsruhe Institute of Technology, Campus South']"
Kaimin Chen,Kaimin Chen,['National Chiao Tung University Taiwan']
Loredana Caruccio,Loredana Caruccio,['University of Salerno']
Vincenzo Deufemia,Vincenzo Deufemia,['University of Salerno']
Christopher D'Souza,Christopher D'Souza,"['Australian Catholic University', 'Western Sydney University']"
Athula Ginige,Athula Ginige,"['The University of Sydney', 'Western Sydney University', 'Link Campus University']"
Giuseppe Polese,Giuseppe Polese,"['University of Salerno', 'University of Pittsburgh']"
Andrew S Brunker,Andrew S Brunker,['Western Sydney University']
Anthony J Maeder,Anthony J Maeder,"['Flinders University', 'Western Sydney University', 'CSIRO Ict Centre', 'Queensland University of Technology']"
Rhys Tague,Rhys Tague,['Western Sydney University']
Gregory S Kolt,Gregory S Kolt,['Western Sydney University']
Trevor N Savage,Trevor N Savage,['Western Sydney University']
Corneel Vandelanotte,Corneel Vandelanotte,[]
Mitch J Duncan,Mitch J Duncan,[]
Cristina M Caperchione,Cristina M Caperchione,['The University of British Columbia']
Richard R Rosenkranz,Richard R Rosenkranz,['Kansas State University']
Anetta Van Itallie,Anetta Van Itallie,[]
W Kerry Mummery,W Kerry Mummery,['University of Alberta']
Isha Singh Jassi,Isha Singh Jassi,['National Institute of Technology Karnataka']
S Ruchika,S Ruchika,['National Institute of Technology Karnataka']
Susmitha Pulakhandam,Susmitha Pulakhandam,['National Institute of Technology Karnataka']
Subhayan Mukherjee,Subhayan Mukherjee,['National Institute of Technology Karnataka']
T S Ashwin,T S Ashwin,['National Institute of Technology Karnataka']
Geereddy Ram Mohana Reddy,Geereddy Ram Mohana Reddy,['National Institute of Technology Karnataka']
Mengyao Chen,Mengyao Chen,['Tianjin University']
Cong Chen,Cong Chen,['The University of Texas at Dallas']
Shuqing Liu,Shuqing Liu,"['Tianjin University', 'Tsinghua University']"
Xiaofei Guo,Xiaofei Guo,['Tsinghua University']
Juanzi Li,Juanzi Li,['Tsinghua University']
Ruibing Yang,Ruibing Yang,['Tsinghua University']
Xiaoli Ma,Xiaoli Ma,['Tsinghua University']
Priyamvada Tiwari,Priyamvada Tiwari,['Indian Institute of Technology Guwahati']
Keyur Sorathia,Keyur Sorathia,['Indian Institute of Technology Guwahati']
Joris Suppers,Joris Suppers,['University of Waikato']
Mark D Apperley,Mark D Apperley,"['University of Waikato', 'Massey University']"
John Howse,John Howse,['University of Brighton']
Weidong Huang,Weidong Huang,"['University of Technology Sydney', 'Swinburne University of Technology', 'University of Tasmania', '+ 3']"
Jennifer Seevinck,Jennifer Seevinck,"['Queensland University of Technology', 'University of Technology Sydney', 'Old Dominion University']"
Phillip Gough,Phillip Gough,"['The University of Sydney', 'Queensland University of Technology']"
Xavier Ho,Xavier Ho,['The University of Sydney']
Kate Dunn,Kate Dunn,['The University of Sydney']
Ryuya Akase,Ryuya Akase,['Kyushu University']
Yoshihiro Okada,Yoshihiro Okada,"['Kyushu University', 'Ryukoku University']"
Ning Li,Ning Li,['Shandong University']
Zhifang Jiang,Zhifang Jiang,['Shandong University']
Zixiang Liu,Zixiang Liu,['Shandong University']
Haoxin Sun,Haoxin Sun,['Shandong University']
Sakib Jalil,Sakib Jalil,['James Cook University']
Trina S Myers,Trina S Myers,['James Cook University']
Ian M Atkinson,Ian M Atkinson,['James Cook University']
Minwook Kim,Minwook Kim,['Brigham Young University Hawaii']
Hiba Ahsan,Hiba Ahsan,['National Institute of Technology Karnataka']
Aarti Prabhu,Aarti Prabhu,['National Institute of Technology Karnataka']
S D Deeksha,S D Deeksha,['National Institute of Technology Karnataka']
Shridhar G Domanal,Shridhar G Domanal,['National Institute of Technology Karnataka']
Dylan Mathiesen,Dylan Mathiesen,['James Cook University']
Andrew Bennett,Andrew Bennett,['University of Tasmania']
Christopher Lueg,Christopher Lueg,"['Berner Fachhochschule', 'University of Tasmania', 'Charles Darwin University', 'University of Technology Sydney', '+ 1']"
Jacob L Cybulski,Jacob L Cybulski,"['Deakin University', 'University of Melbourne']"
Susan Keller,Susan Keller,['Deakin University']
Dilal Saundage,Dilal Saundage,['Deakin University']
Kiho Sakamoto,Kiho Sakamoto,['Ochanomizu University']
Lakkhana Mallikarachchi,Lakkhana Mallikarachchi,['University of Colombo']
Anuja T Dharmaratne,Anuja T Dharmaratne,"['Monash University Malaysia', 'Hiroshima University']"
Yi Li,Yi Li,['Nanjing University']
Zhenfeng Wu,Zhenfeng Wu,[]
Ting Sun,Ting Sun,[]
Callum Parker,Callum Parker,"['The University of Sydney', 'University of Tasmania']"
Martin Tomitsch,Martin Tomitsch,"['The University of Sydney', 'Vienna University of Technology']"
Alireza Rezaeian,Alireza Rezaeian,['Queensland University of Technology']
Jared Donovan,Jared Donovan,"['Queensland University of Technology', 'University of Southern Denmark, Sønderborg', '+ 1']"
P K S Udana,P K S Udana,['University of Colombo']
Fumie Banba,Fumie Banba,['Ochanomizu University']
Naruhito Toyoda,Naruhito Toyoda,['Shiseido Company Ltd.']
Hitomi Otaka,Hitomi Otaka,['Shiseido Company Ltd.']
K K Nisha,K K Nisha,['National Institute of Technology Karnataka']
H R Pruthvi,H R Pruthvi,['National Institute of Technology Karnataka']
Shwetha N Hadimani,Shwetha N Hadimani,['National Institute of Technology Karnataka']
Madhawa Gunasekara,Madhawa Gunasekara,['University of Colombo']
Damitha Sandaruwan,Damitha Sandaruwan,['University of Colombo']
Hirantha Weerarathna,Hirantha Weerarathna,['University of Colombo']
Hiroki Fujita,Hiroki Fujita,['University of Toyama']
Yoshio Nakashima,Yoshio Nakashima,['University of Toyama']
Mamoru Takamatsu,Mamoru Takamatsu,['University of Toyama']
Daniel Filonik,Daniel Filonik,"['Epicentre', 'CSIRO Data61', 'UNSW Sydney', 'Queensland University of Technology', '+ 1']"
Markus Rittenbruch,Markus Rittenbruch,"['Queensland University of Technology', 'CSIRO Data61', 'The University of Queensland', 'University of Bonn']"
Professor Marcus Foth,Professor Marcus Foth,['Queensland University of Technology']
Paolo Bottoni,Paolo Bottoni,"['Sapienza University of Rome', 'University of Milan']"
Kamen D Kanev,Kamen D Kanev,"['Shizuoka University', 'Ontario Tech University', 'The University of Aizu']"
Nikolay N Mirenkov,Nikolay N Mirenkov,"['The University of Aizu', 'Siberian Branch, Russian Academy of Sciences']"
Lei Ren,Lei Ren,"['Beihang University', 'Ministry of Education China']"
Jin Cui,Jin Cui,['Beihang University']
Yi Du,Yi Du,"['Chinese Academy of Sciences', 'University of Chinese Academy of Sciences']"
Guozhong Dai,Guozhong Dai,"['Institute of Software Chinese Academy of Sciences', 'Chinese Academy of Sciences', 'Nokia Corporation']"
Haifeng Li,Haifeng Li,['Harbin Institute of Technology']
Dayi Yang,Dayi Yang,['Harbin Institute of Technology']
Yangyang Fu,Yangyang Fu,['Harbin Institute of Technology']
Hujie Huang,Hujie Huang,['Harbin Institute of Technology']
Hongyuan Fang,Hongyuan Fang,['Harbin Institute of Technology']
Mofei Song,Mofei Song,['Nanjing University']
Feiqian Zhang,Feiqian Zhang,['Nanjing University']
Zhengxing Sun,Zhengxing Sun,['Nanjing University']
Yan Zhang,Yan Zhang,"['Beijing Electronic Science and Technology Institute', 'Nanjing University']"
Quan Li,Quan Li,['Tsinghua University']
Li Chen,Li Chen,['Tsinghua University']
Robert Wang,Robert Wang,[]
Jun-Hai Yong,Jun-Hai Yong,"['Tsinghua University', '+ 3']"
Detan Si,Detan Si,[]
Abhishek P Chhetri,Abhishek P Chhetri,['The University of Texas at Dallas']
Eakta Jain,Eakta Jain,"['Texas Instruments', 'The University of Texas at Dallas']"
Chenghai Zhang,Chenghai Zhang,['East China Normal University']
Zaijia Liu,Zaijia Liu,['Tsinghua University']
Xianjunsam Zheng,Xianjunsam Zheng,"['Tsinghua University', 'Siemens USA']"
Mingyang Wu,Mingyang Wu,['Tsinghua University']
Rui Dong,Rui Dong,['Tsinghua University']
Kaiping Peng,Kaiping Peng,['Tsinghua University']
Jie Liang,Jie Liang,"['University of Technology Sydney', 'Peking University', 'Beijing University of Technology']"
Rossella Aiello,Rossella Aiello,['University of Salerno']
Giancarlo Nota,Giancarlo Nota,['University of Salerno']
Gennaro Costagliola,Gennaro Costagliola,"['University of Salerno', 'IEEE']"
Fabrizio Torre,Fabrizio Torre,['University of Salerno']
Waihou Ao,Waihou Ao,['University of Macau']
Mattia de Rosa,Mattia de Rosa,['University of Salerno']
Andrew Fish,Andrew Fish,['University of Brighton']
Vittorio Fuccella,Vittorio Fuccella,['University of Salerno']
Chenxi Li,Chenxi Li,['Nanjing University']
Yejia Zhang,Yejia Zhang,['Nanjing University']
Tianyang Liu,Tianyang Liu,['University of Tours']
Fatma Bouali,Fatma Bouali,"['University of Lille', 'University of Tours']"
Gilles Venturini,Gilles Venturini,"['University of Tours', 'Paris-Sud University']"
William Plant,William Plant,['Aston University']
Gerald Schaefer,Gerald Schaefer,"['Loughborough University', 'Aston University', 'Nottingham Trent University', 'University of East Anglia']"
Xiangxu Meng,Xiangxu Meng,"['Shandong University', 'Ministry of Education China']"
Xiaoting Bi,Xiaoting Bi,['Shandong University']
Shenghui Cheng,Shenghui Cheng,['Shandong University']
Gerry Derksen,Gerry Derksen,['Winthrop University']
Stan Ruecker,Stan Ruecker,"['University of Illinois Urbana-Champaign', 'IIT Research Institute', 'University of Alberta']"
Tim Causer,Tim Causer,['University College London']
Melissa M Terras,Melissa M Terras,"['The University of Edinburgh', 'University College London']"
Yingqing Xu,Yingqing Xu,['Tsinghua University']
Michelle Xue Zhou,Michelle Xue Zhou,"['Utah State University', 'IBM Research - Almaden', 'IBM Research', 'International Business Machines', '+ 4']"
Jing Fan,Jing Fan,"['Zhejiang University of Technology', 'College of Computer Science and Technology, Zhejiang University']"
Xiaoying Shi,Xiaoying Shi,['Zhejiang University of Technology']
Zhan Zhou,Zhan Zhou,['Zhejiang University of Technology']
Ying Tang,Ying Tang,['Zhejiang University of Technology']
Xiaoping Fan,Xiaoping Fan,"['Central South University', 'Hunan University of Finance and Economics']"
Ruobo Xin,Ruobo Xin,['Shandong University']
Dongxu Duan,Dongxu Duan,"['IBM Research - China', 'IBM China Company Limited']"
Weihong Qian,Weihong Qian,"['IBM China Company Limited', 'IBM Research - China', 'IBM Research']"
Shimei Pan,Shimei Pan,"['University of Maryland, College Park (UMD)', 'University of Maryland, Baltimore County (UMBC)', '+ 5']"
Lei Shi,Lei Shi,"['Institute of Software Chinese Academy of Sciences', 'Chinese Academy of Sciences']"
Chuang Lin,Chuang Lin,"['Tsinghua University', 'Tsinghua National Laboratory for Information Science and Technology']"
Jared Shenson,Jared Shenson,['Vanderbilt University']
Alark Joshi,Alark Joshi,['Boise State University']
Xiaojuan Liu,Xiaojuan Liu,['Beijing Normal University']
Xia Lin,Xia Lin,"['Drexel University', 'University of Maryland, College Park (UMD)', 'Pace University']"
Tuannhon Dang,Tuannhon Dang,['University of Illinois at Chicago']
Leland K Wilkinson,Leland K Wilkinson,"['University of Illinois at Chicago', 'Northwestern University']"
Li Yu,Li Yu,['The University of North Carolina at Charlotte']
Jiawan Zhang,Jiawan Zhang,['Tianjin University']
Peng Ye,Peng Ye,['Soochow University']
Chenming Pang,Chenming Pang,['East China Normal University']
Roy Chi Kit Chan,Roy Chi Kit Chan,['University of Macau']
Kewei Yang,Kewei Yang,['Nanjing University']
Jie Zhou,Jie Zhou,['Nanjing University']
Yi Li,Yi Li,['Nanjing University']
Xianlin Hu,Xianlin Hu,['The University of North Carolina at Charlotte']
Lane T Harrison,Lane T Harrison,"['Worcester Polytechnic Institute', 'Tufts University', 'The University of North Carolina at Charlotte', '+ 1']"
Huaguang Song,Huaguang Song,"['University of the Pacific, California']"
Jinzhu Gao,Jinzhu Gao,"['University of the Pacific, California', 'University of Minnesota System', 'Oak Ridge National Laboratory', 'IEEE', 'The Ohio State University']"
Jiang Jian,Jiang Jian,['Tsinghua University']
Guanmin Liu,Guanmin Liu,['Tsinghua University']
Chuncheng Lin,Chuncheng Lin,"['National Yang Ming Chiao Tung University', 'National Chiao Tung University Taiwan', 'University of Taipei', '+ 1']"
Xiaoyu Wang,Xiaoyu Wang,['The University of North Carolina at Charlotte']
Eric A. Bier,Eric A. Bier,"['Palo Alto Research Center Incorporated', 'University of California, Berkeley']"
Thomas James Butkiewicz,Thomas James Butkiewicz,"['University System of New Hampshire', 'University of New Hampshire Durham', 'The University of North Carolina at Charlotte']"
William Ribarsky,William Ribarsky,"['The University of North Carolina at Charlotte', 'IEEE', 'Georgia Institute of Technology', 'Georgia Tech Research Institute']"
Wenwen Dou,Wenwen Dou,['The University of North Carolina at Charlotte']
Cheongiao Pang,Cheongiao Pang,['University of Macau']
Felix Hon Hou Cheang,Felix Hon Hou Cheang,['University of Macau']
Takashi Yuki,Takashi Yuki,['University of Tsukuba']
Zhirong Zeng,Zhirong Zeng,['Chinese Academy of Sciences']
Kun Wang,Kun Wang,['Beijing Jiaotong University']
Dongxing Teng,Dongxing Teng,"['Institute of Software Chinese Academy of Sciences', 'Chinese Academy of Sciences']"
Yuri Saito,Yuri Saito,['Ochanomizu University']
Yasuhiko Sota,Yasuhiko Sota,['Shimane University']
Keisuke Yamamoto,Keisuke Yamamoto,['Shimane University']
Souichiro Doi,Souichiro Doi,[]
Yasuhisa Yamamoto,Yasuhisa Yamamoto,[]
Anna Wu,Anna Wu,"['Pennsylvania State University', 'Tsinghua University']"
Xin Yan,Xin Yan,['Pennsylvania State University']
Xiaolong(Luke) Zhang,Xiaolong(Luke) Zhang,"['Pennsylvania State University', 'Taiyuan University of Technology', 'Drexel University', 'The University of Arizona', '+ 1']"
Feng Tian,Feng Tian,"['Institute of Software Chinese Academy of Sciences', 'Chinese Academy of Sciences', '+ 8']"
Xiang Cao,Xiang Cao,"['Lenovo Group, China', 'Microsoft Research Asia', 'Microsoft Research', 'Microsoft Research Cambridge', 'University of Delaware', '+ 2']"
Fei Lyu,Fei Lyu,"['Beijing University of Posts and Telecommunications', 'Institute of Software Chinese Academy of Sciences', '+ 1']"
Philip Trevor Cox,Philip Trevor Cox,"['Dalhousie University', 'University of Waterloo']"
Simon Gauvin,Simon Gauvin,['Dalhousie University']
Jian Shi,Jian Shi,['Chinese Academy of Sciences']
Ying Qiao,Ying Qiao,"['Institute of Software Chinese Academy of Sciences', 'Chinese Academy of Sciences']"
Yi Zhang,Yi Zhang,['Tianjin University']
Lei Fu,Lei Fu,['Tianjin University']
Qinghui Guo,Qinghui Guo,['Tianjin University']
Jie Hao,Jie Hao,['The University of Texas at Dallas']
Jiansu Pu,Jiansu Pu,['Hong Kong University of Science and Technology']
Weiwei Cui,Weiwei Cui,"['Microsoft Research Asia', 'Microsoft Research', 'Hong Kong University of Science and Technology']"
Siyuan Liu,Siyuan Liu,"['Carnegie Mellon University', 'Pennsylvania State University', 'Penn State Smeal College of Business', '+ 2']"
Lionel Ming Shuan Ni,Lionel Ming Shuan Ni,"['Hong Kong University of Science and Technology', 'University of Macau', 'Shanghai Jiao Tong University', '+ 5']"
Yu Su,Yu Su,['Southern Methodist University']
Margaret H Dunham,Margaret H Dunham,"['Southern Methodist University', 'University of Virginia']"
Liang Gou,Liang Gou,"['Bosch Research and Technology Center', 'Visa Inc.', 'IBM Research - Almaden', 'Pennsylvania State University']"
Fang You,Fang You,['Sun Yat-Sen University']
Jun Guo,Jun Guo,['Sun Yat-Sen University']
Luqi Wu,Luqi Wu,['Sun Yat-Sen University']
SuTe Lei,SuTe Lei,['The University of Texas at Dallas']
James D Hollan,James D Hollan,"['University of California, San Diego', 'University of Maryland, College Park (UMD)', '+ 4']"
Ben Bederson,Ben Bederson,"['University of Maryland, College Park (UMD)', 'RISE, Swedish Institute of Computer Science', '+ 3']"
CÉcile Laurance Paris,CÉcile Laurance Paris,"['CSIRO Data61', 'Macquarie University', 'Commonwealth Scientific and Industrial Research Organization', '+ 6']"
Shengfeng Qin,Shengfeng Qin,"['Northumbria University', 'Brunel University London']"
Shaorong Wang,Shaorong Wang,['Peking University']
Yisong Chen,Yisong Chen,['Peking University']
Guoping Wang,Guoping Wang,"['Peking University', 'Central China Normal University']"
Miaomiao Li,Miaomiao Li,['Shandong University']
Yan Huang,Yan Huang,['Shandong University']
Shenfang Li,Shenfang Li,['Shandong University']
Ye Yuan,Ye Yuan,['Beijing Normal University']
Zhongke Wu,Zhongke Wu,"['Beijing Normal University', 'Ministry of Education China', 'Nanyang Technological University']"
Jing Zhao,Jing Zhao,[]
Sheng Li,Sheng Li,['Peking University']
Lei Tang,Lei Tang,['Shandong University']
Xueqing Li,Xueqing Li,['Shandong University']
Wenjing Qi,Wenjing Qi,['Shandong University']
Anh Dang,Anh Dang,['Dalhousie University']
Jiayao Chen,Jiayao Chen,['Shandong University']
Xueqing Li,Xueqing Li,['Shandong University']
Jingzhao Yang,Jingzhao Yang,['Shandong University']
J Joshua Thomas,J Joshua Thomas,['UOW Malaysia KDU College']
Choychee Ken,Choychee Ken,['UOW Malaysia KDU College']
Xiongfei Luo,Xiongfei Luo,"['Chinese Academy of Sciences', 'Institute of Software Chinese Academy of Sciences']"
Wei Liu,Wei Liu,"['Chinese Academy of Sciences', 'Institute of Software Chinese Academy of Sciences']"
Shijian Lu,Shijian Lu,['CSIRO Ict Centre']
Shaoke Zhang,Shaoke Zhang,['Pennsylvania State University']
Jing Wang,Jing Wang,['Pennsylvania State University']
Hirofumi Miyamoto,Hirofumi Miyamoto,['Shimane University']
Tatman Cheong,Tatman Cheong,['University of Macau']
Yain Whar Si,Yain Whar Si,"['University of Macau', 'Queensland University of Technology']"
Guoray Cai,Guoray Cai,['Pennsylvania State University']
